[[1;34mINFO[m] Scanning for projects...
[[1;34mINFO[m] 
[[1;34mINFO[m] [1m-----------< [0;36mio.github.hiwepy:curator-spring-boot-starter[0;1m >------------[m
[[1;34mINFO[m] [1mBuilding io.github.hiwepy:curator-spring-boot-starter 2.3.x.20240823.RELEASE[m
[[1;34mINFO[m] [1m--------------------------------[ jar ]---------------------------------[m
Downloading from aiban-tianyin-core: https://aiban-maven.pkg.coding.net/repository/tianyin/core/org/apache/curator/curator-recipes/5.5.0/curator-recipes-5.5.0.pom
Progress (1): 3.8 kB
                    
Downloaded from aiban-tianyin-core: https://aiban-maven.pkg.coding.net/repository/tianyin/core/org/apache/curator/curator-recipes/5.5.0/curator-recipes-5.5.0.pom (3.8 kB at 6.2 kB/s)
Downloading from aiban-tianyin-core: https://aiban-maven.pkg.coding.net/repository/tianyin/core/org/apache/curator/apache-curator/5.5.0/apache-curator-5.5.0.pom
Progress (1): 4.0 kB
Progress (1): 8.1 kB
Progress (1): 11 kB 
Progress (1): 14 kB
Progress (1): 17 kB
Progress (1): 21 kB
Progress (1): 24 kB
Progress (1): 28 kB
Progress (1): 32 kB
Progress (1): 36 kB
Progress (1): 39 kB
Progress (1): 40 kB
                   
Downloaded from aiban-tianyin-core: https://aiban-maven.pkg.coding.net/repository/tianyin/core/org/apache/curator/apache-curator/5.5.0/apache-curator-5.5.0.pom (40 kB at 107 kB/s)
Downloading from aiban-tianyin-core: https://aiban-maven.pkg.coding.net/repository/tianyin/core/org/apache/curator/curator-framework/5.5.0/curator-framework-5.5.0.pom
Progress (1): 4.0 kB
Progress (1): 4.1 kB
                    
Downloaded from aiban-tianyin-core: https://aiban-maven.pkg.coding.net/repository/tianyin/core/org/apache/curator/curator-framework/5.5.0/curator-framework-5.5.0.pom (4.1 kB at 14 kB/s)
Downloading from aiban-tianyin-core: https://aiban-maven.pkg.coding.net/repository/tianyin/core/org/apache/curator/curator-client/5.5.0/curator-client-5.5.0.pom
Progress (1): 2.6 kB
Progress (1): 5.2 kB
                    
Downloaded from aiban-tianyin-core: https://aiban-maven.pkg.coding.net/repository/tianyin/core/org/apache/curator/curator-client/5.5.0/curator-client-5.5.0.pom (5.2 kB at 19 kB/s)
Downloading from aiban-tianyin-core: https://aiban-maven.pkg.coding.net/repository/tianyin/core/org/apache/zookeeper/zookeeper/3.7.1/zookeeper-3.7.1.pom
Progress (1): 4.0 kB
Progress (1): 8.1 kB
Progress (1): 11 kB 
                   
Downloaded from aiban-tianyin-core: https://aiban-maven.pkg.coding.net/repository/tianyin/core/org/apache/zookeeper/zookeeper/3.7.1/zookeeper-3.7.1.pom (11 kB at 42 kB/s)
Downloading from aiban-tianyin-core: https://aiban-maven.pkg.coding.net/repository/tianyin/core/org/apache/zookeeper/parent/3.7.1/parent-3.7.1.pom
Progress (1): 3.8 kB
Progress (1): 7.9 kB
Progress (1): 12 kB 
Progress (1): 15 kB
Progress (1): 18 kB
Progress (1): 21 kB
Progress (1): 25 kB
Progress (1): 28 kB
Progress (1): 32 kB
Progress (1): 36 kB
Progress (1): 40 kB
Progress (1): 40 kB
                   
Downloaded from aiban-tianyin-core: https://aiban-maven.pkg.coding.net/repository/tianyin/core/org/apache/zookeeper/parent/3.7.1/parent-3.7.1.pom (40 kB at 117 kB/s)
Downloading from aiban-tianyin-core: https://aiban-maven.pkg.coding.net/repository/tianyin/core/org/apache/zookeeper/zookeeper-jute/3.7.1/zookeeper-jute-3.7.1.pom
Progress (1): 3.8 kB
Progress (1): 6.7 kB
                    
Downloaded from aiban-tianyin-core: https://aiban-maven.pkg.coding.net/repository/tianyin/core/org/apache/zookeeper/zookeeper-jute/3.7.1/zookeeper-jute-3.7.1.pom (6.7 kB at 23 kB/s)
Downloading from aiban-tianyin-core: https://aiban-maven.pkg.coding.net/repository/tianyin/core/org/apache/yetus/audience-annotations/0.12.0/audience-annotations-0.12.0.pom
Downloaded from aiban-tianyin-core: https://aiban-maven.pkg.coding.net/repository/tianyin/core/org/apache/yetus/audience-annotations/0.12.0/audience-annotations-0.12.0.pom (0 B at 0 B/s)
Downloading from aiban-tianyin-core: https://aiban-maven.pkg.coding.net/repository/tianyin/core/org/apache/yetus/yetus-project/0.12.0/yetus-project-0.12.0.pom
Downloaded from aiban-tianyin-core: https://aiban-maven.pkg.coding.net/repository/tianyin/core/org/apache/yetus/yetus-project/0.12.0/yetus-project-0.12.0.pom (0 B at 0 B/s)
Downloading from aiban-tianyin-core: https://aiban-maven.pkg.coding.net/repository/tianyin/core/com/google/guava/guava/31.1-jre/guava-31.1-jre.pom
Downloaded from aiban-tianyin-core: https://aiban-maven.pkg.coding.net/repository/tianyin/core/com/google/guava/guava/31.1-jre/guava-31.1-jre.pom (0 B at 0 B/s)
Downloading from aiban-tianyin-core: https://aiban-maven.pkg.coding.net/repository/tianyin/core/com/google/guava/guava-parent/31.1-jre/guava-parent-31.1-jre.pom
Downloaded from aiban-tianyin-core: https://aiban-maven.pkg.coding.net/repository/tianyin/core/com/google/guava/guava-parent/31.1-jre/guava-parent-31.1-jre.pom (0 B at 0 B/s)
Downloading from aiban-tianyin-core: https://aiban-maven.pkg.coding.net/repository/tianyin/core/org/apache/curator/curator-recipes/5.5.0/curator-recipes-5.5.0.jar
Downloading from aiban-tianyin-core: https://aiban-maven.pkg.coding.net/repository/tianyin/core/org/apache/zookeeper/zookeeper-jute/3.7.1/zookeeper-jute-3.7.1.jar
Downloading from aiban-tianyin-core: https://aiban-maven.pkg.coding.net/repository/tianyin/core/org/apache/zookeeper/zookeeper/3.7.1/zookeeper-3.7.1.jar
Downloading from aiban-tianyin-core: https://aiban-maven.pkg.coding.net/repository/tianyin/core/org/apache/curator/curator-client/5.5.0/curator-client-5.5.0.jar
Downloading from aiban-tianyin-core: https://aiban-maven.pkg.coding.net/repository/tianyin/core/org/apache/curator/curator-framework/5.5.0/curator-framework-5.5.0.jar
Progress (1): 2.6 kB
Progress (1): 6.7 kB
Progress (1): 9.7 kB
Progress (1): 12 kB 
Progress (1): 16 kB
Progress (1): 20 kB
Progress (1): 24 kB
Progress (1): 28 kB
Progress (1): 32 kB
Progress (1): 35 kB
Progress (1): 38 kB
Progress (1): 41 kB
Progress (1): 44 kB
Progress (1): 48 kB
Progress (1): 52 kB
Progress (1): 56 kB
Progress (1): 60 kB
Progress (1): 64 kB
Progress (1): 68 kB
Progress (1): 72 kB
Progress (1): 76 kB
Progress (1): 81 kB
Progress (1): 85 kB
Progress (1): 89 kB
Progress (1): 92 kB
Progress (1): 96 kB
Progress (1): 100 kB
Progress (1): 104 kB
Progress (1): 108 kB
Progress (1): 112 kB
Progress (1): 116 kB
Progress (1): 119 kB
Progress (1): 122 kB
Progress (1): 124 kB
Progress (1): 128 kB
Progress (1): 132 kB
Progress (1): 136 kB
Progress (1): 140 kB
Progress (1): 145 kB
Progress (1): 149 kB
Progress (1): 153 kB
Progress (1): 157 kB
Progress (1): 161 kB
Progress (1): 165 kB
Progress (1): 169 kB
Progress (1): 173 kB
Progress (1): 177 kB
Progress (1): 181 kB
Progress (1): 185 kB
Progress (1): 190 kB
Progress (1): 194 kB
Progress (1): 198 kB
Progress (1): 202 kB
Progress (1): 206 kB
Progress (1): 210 kB
Progress (1): 214 kB
Progress (1): 218 kB
Progress (1): 222 kB
Progress (1): 226 kB
Progress (1): 231 kB
Progress (1): 235 kB
Progress (1): 239 kB
Progress (1): 243 kB
Progress (1): 247 kB
Progress (1): 251 kB
Progress (1): 255 kB
Progress (1): 259 kB
Progress (1): 263 kB
Progress (1): 267 kB
Progress (1): 271 kB
Progress (1): 276 kB
Progress (1): 280 kB
Progress (1): 284 kB
Progress (1): 288 kB
Progress (1): 292 kB
Progress (1): 296 kB
Progress (1): 300 kB
Progress (1): 304 kB
Progress (1): 308 kB
Progress (1): 312 kB
Progress (1): 317 kB
Progress (1): 318 kB
Progress (2): 318 kB | 4.1 kB
Progress (2): 318 kB | 6.9 kB
Progress (2): 318 kB | 11 kB 
Progress (2): 318 kB | 15 kB
Progress (2): 318 kB | 18 kB
Progress (2): 318 kB | 22 kB
Progress (2): 318 kB | 26 kB
Progress (2): 318 kB | 30 kB
Progress (2): 318 kB | 34 kB
Progress (2): 318 kB | 36 kB
Progress (3): 318 kB | 36 kB | 2.6 kB
Progress (3): 318 kB | 36 kB | 5.4 kB
Progress (3): 318 kB | 36 kB | 9.5 kB
Progress (3): 318 kB | 40 kB | 9.5 kB
Progress (3): 318 kB | 44 kB | 9.5 kB
Progress (4): 318 kB | 44 kB | 9.5 kB | 4.0 kB
Progress (4): 318 kB | 48 kB | 9.5 kB | 4.0 kB
Progress (4): 318 kB | 48 kB | 9.5 kB | 6.9 kB
Progress (4): 318 kB | 52 kB | 9.5 kB | 6.9 kB
Progress (4): 318 kB | 56 kB | 9.5 kB | 6.9 kB
Progress (4): 318 kB | 59 kB | 9.5 kB | 6.9 kB
Progress (4): 318 kB | 62 kB | 9.5 kB | 6.9 kB
Progress (4): 318 kB | 64 kB | 9.5 kB | 6.9 kB
Progress (4): 318 kB | 67 kB | 9.5 kB | 6.9 kB
Progress (4): 318 kB | 67 kB | 12 kB | 6.9 kB 
Progress (4): 318 kB | 71 kB | 12 kB | 6.9 kB
Progress (4): 318 kB | 71 kB | 16 kB | 6.9 kB
Progress (4): 318 kB | 74 kB | 16 kB | 6.9 kB
Progress (4): 318 kB | 78 kB | 16 kB | 6.9 kB
Progress (4): 318 kB | 82 kB | 16 kB | 6.9 kB
Progress (4): 318 kB | 86 kB | 16 kB | 6.9 kB
Progress (4): 318 kB | 90 kB | 16 kB | 6.9 kB
Progress (4): 318 kB | 94 kB | 16 kB | 6.9 kB
Progress (4): 318 kB | 94 kB | 21 kB | 6.9 kB
Progress (4): 318 kB | 94 kB | 25 kB | 6.9 kB
Progress (4): 318 kB | 94 kB | 29 kB | 6.9 kB
Progress (4): 318 kB | 94 kB | 29 kB | 9.7 kB
Progress (4): 318 kB | 94 kB | 33 kB | 9.7 kB
Progress (4): 318 kB | 94 kB | 33 kB | 12 kB 
Progress (4): 318 kB | 94 kB | 37 kB | 12 kB
Progress (4): 318 kB | 94 kB | 37 kB | 16 kB
Progress (4): 318 kB | 94 kB | 39 kB | 16 kB
Progress (4): 318 kB | 94 kB | 39 kB | 19 kB
Progress (4): 318 kB | 94 kB | 39 kB | 22 kB
Progress (4): 318 kB | 94 kB | 39 kB | 25 kB
Progress (4): 318 kB | 94 kB | 39 kB | 28 kB
Progress (4): 318 kB | 94 kB | 39 kB | 32 kB
Progress (4): 318 kB | 94 kB | 39 kB | 36 kB
Progress (4): 318 kB | 98 kB | 39 kB | 36 kB
Progress (4): 318 kB | 103 kB | 39 kB | 36 kB
Progress (4): 318 kB | 107 kB | 39 kB | 36 kB
Progress (4): 318 kB | 111 kB | 39 kB | 36 kB
Progress (4): 318 kB | 115 kB | 39 kB | 36 kB
Progress (4): 318 kB | 119 kB | 39 kB | 36 kB
Progress (4): 318 kB | 123 kB | 39 kB | 36 kB
Progress (4): 318 kB | 127 kB | 39 kB | 36 kB
Progress (4): 318 kB | 131 kB | 39 kB | 36 kB
Progress (4): 318 kB | 135 kB | 39 kB | 36 kB
Progress (4): 318 kB | 139 kB | 39 kB | 36 kB
Progress (4): 318 kB | 143 kB | 39 kB | 36 kB
Progress (4): 318 kB | 148 kB | 39 kB | 36 kB
Progress (4): 318 kB | 152 kB | 39 kB | 36 kB
Progress (4): 318 kB | 156 kB | 39 kB | 36 kB
Progress (4): 318 kB | 160 kB | 39 kB | 36 kB
Progress (4): 318 kB | 164 kB | 39 kB | 36 kB
Progress (4): 318 kB | 168 kB | 39 kB | 36 kB
Progress (4): 318 kB | 172 kB | 39 kB | 36 kB
Progress (4): 318 kB | 176 kB | 39 kB | 36 kB
Progress (4): 318 kB | 180 kB | 39 kB | 36 kB
Progress (4): 318 kB | 184 kB | 39 kB | 36 kB
Progress (4): 318 kB | 189 kB | 39 kB | 36 kB
Progress (4): 318 kB | 193 kB | 39 kB | 36 kB
Progress (4): 318 kB | 197 kB | 39 kB | 36 kB
Progress (4): 318 kB | 201 kB | 39 kB | 36 kB
Progress (4): 318 kB | 205 kB | 39 kB | 36 kB
Progress (4): 318 kB | 205 kB | 42 kB | 36 kB
Progress (4): 318 kB | 205 kB | 46 kB | 36 kB
Progress (4): 318 kB | 205 kB | 50 kB | 36 kB
Progress (4): 318 kB | 205 kB | 54 kB | 36 kB
Progress (4): 318 kB | 205 kB | 58 kB | 36 kB
Progress (4): 318 kB | 205 kB | 62 kB | 36 kB
Progress (4): 318 kB | 205 kB | 66 kB | 36 kB
Progress (4): 318 kB | 205 kB | 70 kB | 36 kB
Progress (4): 318 kB | 205 kB | 74 kB | 36 kB
Progress (4): 318 kB | 205 kB | 74 kB | 39 kB
Progress (4): 318 kB | 205 kB | 74 kB | 43 kB
Progress (4): 318 kB | 205 kB | 78 kB | 43 kB
Progress (4): 318 kB | 205 kB | 78 kB | 47 kB
Progress (4): 318 kB | 205 kB | 78 kB | 51 kB
Progress (4): 318 kB | 205 kB | 78 kB | 55 kB
Progress (4): 318 kB | 205 kB | 78 kB | 59 kB
Progress (4): 318 kB | 205 kB | 78 kB | 63 kB
Progress (4): 318 kB | 205 kB | 82 kB | 63 kB
Progress (4): 318 kB | 205 kB | 82 kB | 66 kB
Progress (4): 318 kB | 205 kB | 87 kB | 66 kB
Progress (4): 318 kB | 205 kB | 91 kB | 66 kB
Progress (4): 318 kB | 205 kB | 91 kB | 70 kB
Progress (4): 318 kB | 205 kB | 91 kB | 74 kB
Progress (4): 318 kB | 205 kB | 91 kB | 78 kB
Progress (4): 318 kB | 205 kB | 91 kB | 82 kB
Progress (4): 318 kB | 205 kB | 91 kB | 86 kB
Progress (4): 318 kB | 205 kB | 91 kB | 90 kB
Progress (4): 318 kB | 209 kB | 91 kB | 90 kB
Progress (4): 318 kB | 213 kB | 91 kB | 90 kB
Progress (4): 318 kB | 217 kB | 91 kB | 90 kB
Progress (4): 318 kB | 221 kB | 91 kB | 90 kB
Progress (4): 318 kB | 225 kB | 91 kB | 90 kB
Progress (4): 318 kB | 229 kB | 91 kB | 90 kB
Progress (4): 318 kB | 234 kB | 91 kB | 90 kB
Progress (4): 318 kB | 238 kB | 91 kB | 90 kB
Progress (4): 318 kB | 242 kB | 91 kB | 90 kB
Progress (4): 318 kB | 246 kB | 91 kB | 90 kB
Progress (4): 318 kB | 250 kB | 91 kB | 90 kB
Progress (4): 318 kB | 254 kB | 91 kB | 90 kB
Progress (4): 318 kB | 256 kB | 91 kB | 90 kB
                                             
Downloaded from aiban-tianyin-core: https://aiban-maven.pkg.coding.net/repository/tianyin/core/org/apache/curator/curator-recipes/5.5.0/curator-recipes-5.5.0.jar (318 kB at 589 kB/s)
Downloading from aiban-tianyin-core: https://aiban-maven.pkg.coding.net/repository/tianyin/core/com/google/guava/guava/31.1-jre/guava-31.1-jre.jar
Progress (3): 256 kB | 91 kB | 94 kB
Progress (3): 256 kB | 91 kB | 98 kB
Progress (3): 256 kB | 91 kB | 103 kB
Progress (3): 256 kB | 91 kB | 107 kB
Progress (3): 256 kB | 91 kB | 111 kB
Progress (3): 256 kB | 91 kB | 115 kB
Progress (3): 256 kB | 91 kB | 119 kB
Progress (3): 256 kB | 91 kB | 123 kB
Progress (3): 256 kB | 91 kB | 127 kB
Progress (3): 256 kB | 91 kB | 131 kB
Progress (3): 256 kB | 95 kB | 131 kB
Progress (3): 256 kB | 95 kB | 135 kB
Progress (3): 256 kB | 99 kB | 135 kB
Progress (3): 256 kB | 99 kB | 139 kB
Progress (3): 256 kB | 103 kB | 139 kB
Progress (3): 256 kB | 107 kB | 139 kB
Progress (3): 256 kB | 111 kB | 139 kB
Progress (3): 256 kB | 115 kB | 139 kB
Progress (3): 256 kB | 119 kB | 139 kB
Progress (3): 256 kB | 123 kB | 139 kB
Progress (3): 256 kB | 128 kB | 139 kB
Progress (3): 256 kB | 132 kB | 139 kB
Progress (3): 256 kB | 136 kB | 139 kB
Progress (3): 256 kB | 140 kB | 139 kB
Progress (3): 256 kB | 144 kB | 139 kB
Progress (3): 256 kB | 148 kB | 139 kB
Progress (3): 256 kB | 152 kB | 139 kB
Progress (3): 256 kB | 156 kB | 139 kB
Progress (3): 256 kB | 160 kB | 139 kB
Progress (3): 256 kB | 160 kB | 144 kB
Progress (3): 256 kB | 160 kB | 148 kB
Progress (3): 256 kB | 160 kB | 152 kB
Progress (3): 256 kB | 164 kB | 152 kB
Progress (3): 256 kB | 164 kB | 156 kB
Progress (3): 256 kB | 168 kB | 156 kB
Progress (3): 256 kB | 168 kB | 160 kB
Progress (4): 256 kB | 168 kB | 160 kB | 4.0 kB
Progress (4): 256 kB | 168 kB | 160 kB | 8.1 kB
Progress (4): 256 kB | 168 kB | 160 kB | 11 kB 
Progress (4): 256 kB | 168 kB | 164 kB | 11 kB
Progress (4): 256 kB | 168 kB | 168 kB | 11 kB
Progress (4): 256 kB | 168 kB | 172 kB | 11 kB
Progress (4): 256 kB | 168 kB | 176 kB | 11 kB
Progress (4): 256 kB | 168 kB | 180 kB | 11 kB
Progress (4): 256 kB | 173 kB | 180 kB | 11 kB
Progress (4): 256 kB | 173 kB | 185 kB | 11 kB
Progress (4): 256 kB | 173 kB | 189 kB | 11 kB
Progress (4): 256 kB | 173 kB | 193 kB | 11 kB
Progress (4): 256 kB | 173 kB | 197 kB | 11 kB
Progress (4): 256 kB | 177 kB | 197 kB | 11 kB
Progress (4): 256 kB | 181 kB | 197 kB | 11 kB
Progress (4): 256 kB | 185 kB | 197 kB | 11 kB
Progress (4): 256 kB | 189 kB | 197 kB | 11 kB
Progress (4): 256 kB | 193 kB | 197 kB | 11 kB
Progress (4): 256 kB | 197 kB | 197 kB | 11 kB
Progress (4): 256 kB | 201 kB | 197 kB | 11 kB
Progress (4): 256 kB | 201 kB | 201 kB | 11 kB
Progress (4): 256 kB | 201 kB | 201 kB | 14 kB
Progress (4): 256 kB | 201 kB | 201 kB | 17 kB
Progress (4): 256 kB | 201 kB | 201 kB | 21 kB
Progress (4): 256 kB | 201 kB | 201 kB | 24 kB
Progress (4): 256 kB | 201 kB | 201 kB | 28 kB
Progress (4): 256 kB | 201 kB | 201 kB | 32 kB
Progress (4): 256 kB | 201 kB | 205 kB | 32 kB
Progress (4): 256 kB | 201 kB | 209 kB | 32 kB
Progress (4): 256 kB | 201 kB | 213 kB | 32 kB
Progress (4): 256 kB | 201 kB | 217 kB | 32 kB
Progress (4): 256 kB | 201 kB | 221 kB | 32 kB
Progress (4): 256 kB | 201 kB | 225 kB | 32 kB
Progress (4): 256 kB | 201 kB | 230 kB | 32 kB
Progress (4): 256 kB | 201 kB | 234 kB | 32 kB
Progress (4): 256 kB | 201 kB | 238 kB | 32 kB
Progress (4): 256 kB | 201 kB | 242 kB | 32 kB
Progress (4): 256 kB | 201 kB | 246 kB | 32 kB
Progress (4): 256 kB | 201 kB | 250 kB | 32 kB
Progress (4): 256 kB | 201 kB | 254 kB | 32 kB
Progress (4): 256 kB | 201 kB | 258 kB | 32 kB
Progress (4): 256 kB | 201 kB | 262 kB | 32 kB
Progress (4): 256 kB | 201 kB | 266 kB | 32 kB
Progress (4): 256 kB | 201 kB | 271 kB | 32 kB
Progress (4): 256 kB | 201 kB | 275 kB | 32 kB
Progress (4): 256 kB | 201 kB | 279 kB | 32 kB
Progress (4): 256 kB | 201 kB | 283 kB | 32 kB
Progress (4): 256 kB | 201 kB | 287 kB | 32 kB
Progress (4): 256 kB | 201 kB | 291 kB | 32 kB
Progress (4): 256 kB | 201 kB | 295 kB | 32 kB
Progress (4): 256 kB | 205 kB | 295 kB | 32 kB
Progress (4): 256 kB | 205 kB | 299 kB | 32 kB
Progress (4): 256 kB | 209 kB | 299 kB | 32 kB
Progress (4): 256 kB | 214 kB | 299 kB | 32 kB
Progress (4): 256 kB | 218 kB | 299 kB | 32 kB
Progress (4): 256 kB | 222 kB | 299 kB | 32 kB
Progress (4): 256 kB | 226 kB | 299 kB | 32 kB
Progress (4): 256 kB | 230 kB | 299 kB | 32 kB
Progress (4): 256 kB | 234 kB | 299 kB | 32 kB
Progress (4): 256 kB | 234 kB | 303 kB | 32 kB
Progress (4): 256 kB | 238 kB | 303 kB | 32 kB
Progress (4): 256 kB | 238 kB | 307 kB | 32 kB
Progress (4): 256 kB | 238 kB | 311 kB | 32 kB
Progress (4): 256 kB | 238 kB | 316 kB | 32 kB
Progress (4): 256 kB | 242 kB | 316 kB | 32 kB
Progress (4): 256 kB | 242 kB | 320 kB | 32 kB
Progress (4): 256 kB | 242 kB | 324 kB | 32 kB
Progress (4): 256 kB | 246 kB | 324 kB | 32 kB
Progress (4): 256 kB | 246 kB | 328 kB | 32 kB
Progress (4): 256 kB | 250 kB | 328 kB | 32 kB
Progress (4): 256 kB | 250 kB | 332 kB | 32 kB
Progress (4): 256 kB | 254 kB | 332 kB | 32 kB
Progress (4): 256 kB | 254 kB | 336 kB | 32 kB
Progress (4): 256 kB | 259 kB | 336 kB | 32 kB
Progress (4): 256 kB | 263 kB | 336 kB | 32 kB
Progress (4): 256 kB | 267 kB | 336 kB | 32 kB
Progress (4): 256 kB | 271 kB | 336 kB | 32 kB
Progress (4): 256 kB | 275 kB | 336 kB | 32 kB
Progress (4): 256 kB | 279 kB | 336 kB | 32 kB
Progress (4): 256 kB | 283 kB | 336 kB | 32 kB
Progress (4): 256 kB | 287 kB | 336 kB | 32 kB
Progress (4): 256 kB | 291 kB | 336 kB | 32 kB
Progress (4): 256 kB | 291 kB | 340 kB | 32 kB
Progress (4): 256 kB | 295 kB | 340 kB | 32 kB
Progress (4): 256 kB | 295 kB | 344 kB | 32 kB
Progress (4): 256 kB | 300 kB | 344 kB | 32 kB
Progress (4): 256 kB | 304 kB | 344 kB | 32 kB
Progress (4): 256 kB | 308 kB | 344 kB | 32 kB
Progress (4): 256 kB | 312 kB | 344 kB | 32 kB
Progress (4): 256 kB | 316 kB | 344 kB | 32 kB
Progress (4): 256 kB | 320 kB | 344 kB | 32 kB
Progress (4): 256 kB | 320 kB | 348 kB | 32 kB
Progress (4): 256 kB | 324 kB | 348 kB | 32 kB
Progress (4): 256 kB | 324 kB | 352 kB | 32 kB
Progress (4): 256 kB | 328 kB | 352 kB | 32 kB
Progress (4): 256 kB | 328 kB | 357 kB | 32 kB
Progress (4): 256 kB | 332 kB | 357 kB | 32 kB
Progress (4): 256 kB | 332 kB | 361 kB | 32 kB
Progress (4): 256 kB | 336 kB | 361 kB | 32 kB
Progress (4): 256 kB | 336 kB | 365 kB | 32 kB
Progress (4): 256 kB | 336 kB | 369 kB | 32 kB
Progress (4): 256 kB | 336 kB | 373 kB | 32 kB
Progress (4): 256 kB | 336 kB | 377 kB | 32 kB
Progress (4): 256 kB | 336 kB | 381 kB | 32 kB
Progress (4): 256 kB | 336 kB | 385 kB | 32 kB
Progress (4): 256 kB | 336 kB | 389 kB | 32 kB
Progress (4): 256 kB | 336 kB | 393 kB | 32 kB
Progress (4): 256 kB | 336 kB | 397 kB | 32 kB
Progress (4): 256 kB | 336 kB | 402 kB | 32 kB
Progress (4): 256 kB | 336 kB | 406 kB | 32 kB
Progress (4): 256 kB | 336 kB | 410 kB | 32 kB
Progress (4): 256 kB | 336 kB | 414 kB | 32 kB
Progress (4): 256 kB | 336 kB | 418 kB | 32 kB
Progress (4): 256 kB | 336 kB | 418 kB | 36 kB
Progress (4): 256 kB | 336 kB | 418 kB | 39 kB
Progress (4): 256 kB | 336 kB | 418 kB | 43 kB
Progress (4): 256 kB | 336 kB | 418 kB | 47 kB
Progress (4): 256 kB | 336 kB | 418 kB | 51 kB
Progress (4): 256 kB | 336 kB | 418 kB | 55 kB
Progress (4): 256 kB | 336 kB | 418 kB | 59 kB
Progress (4): 256 kB | 336 kB | 418 kB | 64 kB
Progress (4): 256 kB | 336 kB | 418 kB | 68 kB
Progress (4): 256 kB | 336 kB | 422 kB | 68 kB
Progress (4): 256 kB | 336 kB | 422 kB | 72 kB
Progress (4): 256 kB | 336 kB | 426 kB | 72 kB
Progress (4): 256 kB | 336 kB | 426 kB | 76 kB
Progress (4): 256 kB | 336 kB | 430 kB | 76 kB
Progress (4): 256 kB | 336 kB | 430 kB | 80 kB
Progress (4): 256 kB | 336 kB | 434 kB | 80 kB
Progress (4): 256 kB | 336 kB | 438 kB | 80 kB
Progress (4): 256 kB | 336 kB | 443 kB | 80 kB
Progress (4): 256 kB | 336 kB | 447 kB | 80 kB
Progress (4): 256 kB | 336 kB | 451 kB | 80 kB
Progress (4): 256 kB | 336 kB | 455 kB | 80 kB
Progress (4): 256 kB | 336 kB | 459 kB | 80 kB
Progress (4): 256 kB | 336 kB | 463 kB | 80 kB
Progress (4): 256 kB | 336 kB | 467 kB | 80 kB
Progress (4): 256 kB | 336 kB | 471 kB | 80 kB
Progress (4): 256 kB | 336 kB | 475 kB | 80 kB
Progress (4): 256 kB | 336 kB | 479 kB | 80 kB
Progress (4): 256 kB | 336 kB | 484 kB | 80 kB
Progress (4): 256 kB | 336 kB | 488 kB | 80 kB
Progress (4): 256 kB | 336 kB | 492 kB | 80 kB
Progress (4): 256 kB | 336 kB | 496 kB | 80 kB
Progress (4): 256 kB | 336 kB | 500 kB | 80 kB
Progress (4): 256 kB | 336 kB | 504 kB | 80 kB
Progress (4): 256 kB | 336 kB | 508 kB | 80 kB
Progress (4): 256 kB | 336 kB | 512 kB | 80 kB
Progress (4): 256 kB | 336 kB | 516 kB | 80 kB
Progress (4): 256 kB | 336 kB | 520 kB | 80 kB
Progress (4): 256 kB | 336 kB | 524 kB | 80 kB
Progress (4): 256 kB | 336 kB | 529 kB | 80 kB
Progress (4): 256 kB | 336 kB | 533 kB | 80 kB
Progress (4): 256 kB | 336 kB | 537 kB | 80 kB
Progress (4): 256 kB | 336 kB | 541 kB | 80 kB
Progress (4): 256 kB | 336 kB | 545 kB | 80 kB
Progress (4): 256 kB | 336 kB | 549 kB | 80 kB
Progress (4): 256 kB | 336 kB | 553 kB | 80 kB
Progress (4): 256 kB | 336 kB | 557 kB | 80 kB
Progress (4): 256 kB | 336 kB | 561 kB | 80 kB
Progress (4): 256 kB | 336 kB | 565 kB | 80 kB
Progress (4): 256 kB | 336 kB | 570 kB | 80 kB
Progress (4): 256 kB | 336 kB | 574 kB | 80 kB
Progress (4): 256 kB | 336 kB | 578 kB | 80 kB
Progress (4): 256 kB | 336 kB | 582 kB | 80 kB
Progress (4): 256 kB | 336 kB | 586 kB | 80 kB
Progress (4): 256 kB | 336 kB | 590 kB | 80 kB
Progress (4): 256 kB | 336 kB | 594 kB | 80 kB
Progress (4): 256 kB | 336 kB | 598 kB | 80 kB
Progress (4): 256 kB | 336 kB | 602 kB | 80 kB
Progress (4): 256 kB | 336 kB | 606 kB | 80 kB
Progress (4): 256 kB | 336 kB | 610 kB | 80 kB
Progress (4): 256 kB | 336 kB | 615 kB | 80 kB
Progress (4): 256 kB | 336 kB | 619 kB | 80 kB
Progress (4): 256 kB | 336 kB | 623 kB | 80 kB
Progress (4): 256 kB | 336 kB | 627 kB | 80 kB
Progress (4): 256 kB | 336 kB | 631 kB | 80 kB
Progress (4): 256 kB | 336 kB | 635 kB | 80 kB
Progress (4): 256 kB | 336 kB | 639 kB | 80 kB
Progress (4): 256 kB | 336 kB | 643 kB | 80 kB
Progress (4): 256 kB | 336 kB | 643 kB | 84 kB
Progress (4): 256 kB | 336 kB | 643 kB | 88 kB
Progress (4): 256 kB | 336 kB | 643 kB | 92 kB
Progress (4): 256 kB | 336 kB | 643 kB | 96 kB
Progress (4): 256 kB | 336 kB | 643 kB | 100 kB
Progress (4): 256 kB | 336 kB | 643 kB | 104 kB
Progress (4): 256 kB | 336 kB | 643 kB | 109 kB
Progress (4): 256 kB | 336 kB | 643 kB | 113 kB
Progress (4): 256 kB | 336 kB | 643 kB | 117 kB
Progress (4): 256 kB | 336 kB | 643 kB | 121 kB
Progress (4): 256 kB | 336 kB | 643 kB | 125 kB
Progress (4): 256 kB | 336 kB | 643 kB | 129 kB
Progress (4): 256 kB | 336 kB | 643 kB | 133 kB
Progress (4): 256 kB | 336 kB | 643 kB | 137 kB
Progress (4): 256 kB | 336 kB | 643 kB | 141 kB
Progress (4): 256 kB | 336 kB | 643 kB | 145 kB
Progress (4): 256 kB | 336 kB | 643 kB | 150 kB
Progress (4): 256 kB | 336 kB | 647 kB | 150 kB
Progress (4): 256 kB | 336 kB | 651 kB | 150 kB
Progress (4): 256 kB | 336 kB | 656 kB | 150 kB
Progress (4): 256 kB | 336 kB | 660 kB | 150 kB
Progress (4): 256 kB | 336 kB | 664 kB | 150 kB
Progress (4): 256 kB | 336 kB | 664 kB | 154 kB
Progress (4): 256 kB | 336 kB | 668 kB | 154 kB
Progress (4): 256 kB | 336 kB | 668 kB | 158 kB
Progress (4): 256 kB | 336 kB | 672 kB | 158 kB
Progress (4): 256 kB | 336 kB | 676 kB | 158 kB
Progress (4): 256 kB | 336 kB | 680 kB | 158 kB
Progress (4): 256 kB | 336 kB | 680 kB | 162 kB
Progress (4): 256 kB | 336 kB | 680 kB | 166 kB
Progress (4): 256 kB | 336 kB | 680 kB | 170 kB
Progress (4): 256 kB | 336 kB | 680 kB | 174 kB
Progress (4): 256 kB | 336 kB | 680 kB | 178 kB
Progress (4): 256 kB | 336 kB | 680 kB | 182 kB
Progress (4): 256 kB | 336 kB | 684 kB | 182 kB
Progress (4): 256 kB | 336 kB | 688 kB | 182 kB
Progress (4): 256 kB | 336 kB | 692 kB | 182 kB
Progress (4): 256 kB | 336 kB | 697 kB | 182 kB
Progress (4): 256 kB | 336 kB | 701 kB | 182 kB
Progress (4): 256 kB | 336 kB | 705 kB | 182 kB
Progress (4): 256 kB | 336 kB | 709 kB | 182 kB
Progress (4): 256 kB | 336 kB | 713 kB | 182 kB
Progress (4): 256 kB | 336 kB | 717 kB | 182 kB
Progress (4): 256 kB | 336 kB | 721 kB | 182 kB
Progress (4): 256 kB | 336 kB | 725 kB | 182 kB
Progress (4): 256 kB | 336 kB | 729 kB | 182 kB
Progress (4): 256 kB | 336 kB | 733 kB | 182 kB
Progress (4): 256 kB | 336 kB | 737 kB | 182 kB
Progress (4): 256 kB | 336 kB | 742 kB | 182 kB
Progress (4): 256 kB | 336 kB | 746 kB | 182 kB
Progress (4): 256 kB | 336 kB | 750 kB | 182 kB
Progress (4): 256 kB | 336 kB | 754 kB | 182 kB
Progress (4): 256 kB | 336 kB | 758 kB | 182 kB
Progress (4): 256 kB | 336 kB | 762 kB | 182 kB
Progress (4): 256 kB | 336 kB | 766 kB | 182 kB
                                               
Downloaded from aiban-tianyin-core: https://aiban-maven.pkg.coding.net/repository/tianyin/core/org/apache/zookeeper/zookeeper-jute/3.7.1/zookeeper-jute-3.7.1.jar (256 kB at 378 kB/s)
Progress (3): 336 kB | 770 kB | 182 kB
                                      
Downloading from aiban-tianyin-core: https://aiban-maven.pkg.coding.net/repository/tianyin/core/com/google/errorprone/error_prone_annotations/2.11.0/error_prone_annotations-2.11.0.jar
Progress (3): 336 kB | 774 kB | 182 kB
Progress (3): 336 kB | 778 kB | 182 kB
Progress (3): 336 kB | 783 kB | 182 kB
Progress (3): 336 kB | 787 kB | 182 kB
Progress (3): 336 kB | 791 kB | 182 kB
Progress (3): 336 kB | 795 kB | 182 kB
Progress (3): 336 kB | 799 kB | 182 kB
Progress (3): 336 kB | 803 kB | 182 kB
Progress (3): 336 kB | 807 kB | 182 kB
Progress (3): 336 kB | 811 kB | 182 kB
Progress (3): 336 kB | 815 kB | 182 kB
Progress (3): 336 kB | 819 kB | 182 kB
Progress (3): 336 kB | 823 kB | 182 kB
Progress (3): 336 kB | 828 kB | 182 kB
Progress (3): 336 kB | 832 kB | 182 kB
Progress (3): 336 kB | 836 kB | 182 kB
Progress (3): 336 kB | 840 kB | 182 kB
Progress (3): 336 kB | 844 kB | 182 kB
Progress (3): 336 kB | 848 kB | 182 kB
Progress (3): 336 kB | 852 kB | 182 kB
Progress (3): 336 kB | 856 kB | 182 kB
Progress (3): 336 kB | 860 kB | 182 kB
Progress (3): 336 kB | 864 kB | 182 kB
Progress (3): 336 kB | 869 kB | 182 kB
Progress (3): 336 kB | 873 kB | 182 kB
Progress (3): 336 kB | 877 kB | 182 kB
Progress (3): 336 kB | 881 kB | 182 kB
Progress (3): 336 kB | 881 kB | 186 kB
Progress (3): 336 kB | 881 kB | 191 kB
Progress (3): 336 kB | 881 kB | 195 kB
Progress (3): 336 kB | 881 kB | 199 kB
Progress (3): 336 kB | 881 kB | 203 kB
Progress (3): 336 kB | 881 kB | 207 kB
Progress (3): 336 kB | 881 kB | 211 kB
Progress (3): 336 kB | 881 kB | 215 kB
Progress (3): 336 kB | 881 kB | 219 kB
Progress (3): 336 kB | 881 kB | 223 kB
Progress (3): 336 kB | 881 kB | 227 kB
Progress (3): 336 kB | 881 kB | 231 kB
Progress (3): 336 kB | 881 kB | 236 kB
Progress (3): 336 kB | 881 kB | 240 kB
Progress (3): 336 kB | 885 kB | 240 kB
Progress (3): 336 kB | 885 kB | 244 kB
Progress (3): 336 kB | 889 kB | 244 kB
Progress (3): 336 kB | 889 kB | 248 kB
Progress (3): 336 kB | 893 kB | 248 kB
Progress (3): 336 kB | 893 kB | 252 kB
Progress (3): 336 kB | 897 kB | 252 kB
Progress (3): 336 kB | 901 kB | 252 kB
Progress (3): 336 kB | 905 kB | 252 kB
Progress (3): 336 kB | 905 kB | 256 kB
Progress (3): 336 kB | 905 kB | 260 kB
Progress (3): 336 kB | 905 kB | 264 kB
Progress (3): 336 kB | 905 kB | 268 kB
Progress (3): 336 kB | 905 kB | 272 kB
Progress (3): 336 kB | 905 kB | 277 kB
Progress (3): 336 kB | 905 kB | 281 kB
Progress (3): 336 kB | 905 kB | 285 kB
Progress (3): 336 kB | 905 kB | 289 kB
Progress (3): 336 kB | 905 kB | 293 kB
Progress (3): 336 kB | 905 kB | 297 kB
Progress (3): 336 kB | 905 kB | 301 kB
Progress (3): 336 kB | 905 kB | 305 kB
Progress (3): 336 kB | 909 kB | 305 kB
Progress (3): 336 kB | 914 kB | 305 kB
Progress (3): 336 kB | 918 kB | 305 kB
Progress (3): 336 kB | 918 kB | 309 kB
Progress (3): 336 kB | 918 kB | 313 kB
Progress (3): 336 kB | 918 kB | 317 kB
Progress (3): 336 kB | 918 kB | 322 kB
Progress (3): 336 kB | 918 kB | 326 kB
Progress (3): 336 kB | 918 kB | 330 kB
Progress (3): 336 kB | 918 kB | 334 kB
Progress (3): 336 kB | 922 kB | 334 kB
Progress (3): 336 kB | 926 kB | 334 kB
Progress (3): 336 kB | 930 kB | 334 kB
Progress (3): 336 kB | 930 kB | 338 kB
Progress (3): 336 kB | 934 kB | 338 kB
Progress (3): 336 kB | 934 kB | 342 kB
Progress (3): 336 kB | 938 kB | 342 kB
Progress (3): 336 kB | 938 kB | 346 kB
Progress (3): 336 kB | 938 kB | 350 kB
Progress (3): 336 kB | 938 kB | 354 kB
Progress (3): 336 kB | 938 kB | 358 kB
Progress (3): 336 kB | 938 kB | 363 kB
Progress (3): 336 kB | 938 kB | 367 kB
Progress (3): 336 kB | 938 kB | 371 kB
Progress (3): 336 kB | 938 kB | 375 kB
Progress (3): 336 kB | 938 kB | 379 kB
Progress (3): 336 kB | 938 kB | 383 kB
Progress (3): 336 kB | 942 kB | 383 kB
Progress (3): 336 kB | 946 kB | 383 kB
Progress (3): 336 kB | 950 kB | 383 kB
Progress (3): 336 kB | 955 kB | 383 kB
Progress (3): 336 kB | 959 kB | 383 kB
Progress (3): 336 kB | 963 kB | 383 kB
Progress (3): 336 kB | 967 kB | 383 kB
Progress (3): 336 kB | 971 kB | 383 kB
Progress (3): 336 kB | 975 kB | 383 kB
Progress (3): 336 kB | 979 kB | 383 kB
Progress (3): 336 kB | 983 kB | 383 kB
Progress (3): 336 kB | 987 kB | 383 kB
Progress (3): 336 kB | 991 kB | 383 kB
Progress (3): 336 kB | 996 kB | 383 kB
Progress (3): 336 kB | 1000 kB | 383 kB
Progress (3): 336 kB | 1.0 MB | 383 kB 
Progress (3): 336 kB | 1.0 MB | 383 kB
Progress (3): 336 kB | 1.0 MB | 383 kB
Progress (3): 336 kB | 1.0 MB | 383 kB
Progress (3): 336 kB | 1.0 MB | 383 kB
Progress (3): 336 kB | 1.0 MB | 383 kB
Progress (3): 336 kB | 1.0 MB | 383 kB
Progress (3): 336 kB | 1.0 MB | 383 kB
Progress (3): 336 kB | 1.0 MB | 383 kB
Progress (3): 336 kB | 1.0 MB | 383 kB
Progress (3): 336 kB | 1.0 MB | 383 kB
Progress (3): 336 kB | 1.0 MB | 383 kB
Progress (3): 336 kB | 1.1 MB | 383 kB
Progress (3): 336 kB | 1.1 MB | 383 kB
Progress (3): 336 kB | 1.1 MB | 383 kB
Progress (3): 336 kB | 1.1 MB | 383 kB
Progress (3): 336 kB | 1.1 MB | 383 kB
Progress (3): 336 kB | 1.1 MB | 383 kB
Progress (3): 336 kB | 1.1 MB | 383 kB
Progress (3): 336 kB | 1.1 MB | 383 kB
Progress (3): 336 kB | 1.1 MB | 383 kB
Progress (3): 336 kB | 1.1 MB | 383 kB
Progress (3): 336 kB | 1.1 MB | 383 kB
Progress (3): 336 kB | 1.1 MB | 383 kB
Progress (3): 336 kB | 1.1 MB | 383 kB
Progress (3): 336 kB | 1.1 MB | 383 kB
Progress (3): 336 kB | 1.1 MB | 383 kB
Progress (3): 336 kB | 1.1 MB | 383 kB
Progress (3): 336 kB | 1.1 MB | 383 kB
Progress (3): 336 kB | 1.1 MB | 383 kB
Progress (3): 336 kB | 1.1 MB | 383 kB
Progress (3): 336 kB | 1.1 MB | 383 kB
Progress (3): 336 kB | 1.1 MB | 387 kB
Progress (3): 336 kB | 1.1 MB | 387 kB
Progress (3): 336 kB | 1.1 MB | 391 kB
Progress (3): 336 kB | 1.1 MB | 395 kB
Progress (3): 336 kB | 1.1 MB | 399 kB
Progress (3): 336 kB | 1.1 MB | 403 kB
Progress (3): 336 kB | 1.1 MB | 408 kB
Progress (3): 336 kB | 1.1 MB | 412 kB
Progress (3): 336 kB | 1.1 MB | 416 kB
Progress (3): 336 kB | 1.1 MB | 420 kB
Progress (3): 336 kB | 1.1 MB | 424 kB
Progress (3): 336 kB | 1.1 MB | 428 kB
Progress (3): 336 kB | 1.1 MB | 432 kB
Progress (3): 336 kB | 1.1 MB | 436 kB
Progress (3): 336 kB | 1.1 MB | 440 kB
Progress (3): 336 kB | 1.1 MB | 440 kB
Progress (3): 336 kB | 1.1 MB | 440 kB
Progress (3): 336 kB | 1.1 MB | 440 kB
Progress (3): 336 kB | 1.2 MB | 440 kB
Progress (3): 336 kB | 1.2 MB | 444 kB
Progress (3): 336 kB | 1.2 MB | 444 kB
Progress (3): 336 kB | 1.2 MB | 449 kB
Progress (3): 336 kB | 1.2 MB | 453 kB
Progress (3): 336 kB | 1.2 MB | 457 kB
Progress (3): 336 kB | 1.2 MB | 461 kB
Progress (3): 336 kB | 1.2 MB | 465 kB
Progress (3): 336 kB | 1.2 MB | 469 kB
Progress (3): 336 kB | 1.2 MB | 473 kB
Progress (3): 336 kB | 1.2 MB | 477 kB
Progress (3): 336 kB | 1.2 MB | 481 kB
Progress (3): 336 kB | 1.2 MB | 485 kB
Progress (3): 336 kB | 1.2 MB | 485 kB
Progress (3): 336 kB | 1.2 MB | 490 kB
Progress (3): 336 kB | 1.2 MB | 494 kB
Progress (3): 336 kB | 1.2 MB | 498 kB
Progress (3): 336 kB | 1.2 MB | 502 kB
Progress (3): 336 kB | 1.2 MB | 506 kB
Progress (3): 336 kB | 1.2 MB | 506 kB
Progress (3): 336 kB | 1.2 MB | 506 kB
Progress (3): 336 kB | 1.2 MB | 510 kB
Progress (3): 336 kB | 1.2 MB | 510 kB
Progress (3): 336 kB | 1.2 MB | 514 kB
Progress (3): 336 kB | 1.2 MB | 518 kB
Progress (3): 336 kB | 1.2 MB | 522 kB
Progress (3): 336 kB | 1.2 MB | 526 kB
Progress (3): 336 kB | 1.2 MB | 530 kB
Progress (3): 336 kB | 1.2 MB | 535 kB
Progress (3): 336 kB | 1.2 MB | 539 kB
Progress (3): 336 kB | 1.2 MB | 543 kB
Progress (3): 336 kB | 1.2 MB | 543 kB
Progress (3): 336 kB | 1.2 MB | 543 kB
Progress (3): 336 kB | 1.2 MB | 543 kB
Progress (3): 336 kB | 1.2 MB | 543 kB
Progress (3): 336 kB | 1.2 MB | 543 kB
Progress (3): 336 kB | 1.2 MB | 547 kB
Progress (3): 336 kB | 1.2 MB | 551 kB
Progress (3): 336 kB | 1.2 MB | 555 kB
Progress (3): 336 kB | 1.2 MB | 559 kB
Progress (3): 336 kB | 1.2 MB | 563 kB
Progress (3): 336 kB | 1.2 MB | 567 kB
Progress (3): 336 kB | 1.2 MB | 571 kB
Progress (3): 336 kB | 1.2 MB | 576 kB
Progress (3): 336 kB | 1.2 MB | 580 kB
Progress (3): 336 kB | 1.2 MB | 584 kB
Progress (3): 336 kB | 1.2 MB | 584 kB
Progress (3): 336 kB | 1.2 MB | 588 kB
Progress (3): 336 kB | 1.2 MB | 588 kB
Progress (3): 336 kB | 1.2 MB | 592 kB
Progress (3): 336 kB | 1.2 MB | 592 kB
Progress (3): 336 kB | 1.2 MB | 592 kB
Progress (3): 336 kB | 1.2 MB | 592 kB
Progress (3): 336 kB | 1.2 MB | 592 kB
Progress (3): 336 kB | 1.2 MB | 592 kB
Progress (3): 336 kB | 1.2 MB | 592 kB
Progress (3): 336 kB | 1.2 MB | 592 kB
Progress (3): 336 kB | 1.2 MB | 592 kB
Progress (3): 336 kB | 1.2 MB | 592 kB
Progress (3): 336 kB | 1.2 MB | 592 kB
Progress (3): 336 kB | 1.2 MB | 592 kB
Progress (3): 336 kB | 1.2 MB | 592 kB
Progress (3): 336 kB | 1.3 MB | 592 kB
Progress (3): 336 kB | 1.3 MB | 592 kB
Progress (3): 336 kB | 1.3 MB | 592 kB
Progress (3): 336 kB | 1.3 MB | 592 kB
Progress (3): 336 kB | 1.3 MB | 592 kB
Progress (3): 336 kB | 1.3 MB | 592 kB
Progress (3): 336 kB | 1.3 MB | 592 kB
Progress (3): 336 kB | 1.3 MB | 592 kB
Progress (3): 336 kB | 1.3 MB | 596 kB
Progress (3): 336 kB | 1.3 MB | 596 kB
Progress (3): 336 kB | 1.3 MB | 600 kB
Progress (3): 336 kB | 1.3 MB | 600 kB
Progress (3): 336 kB | 1.3 MB | 604 kB
Progress (3): 336 kB | 1.3 MB | 604 kB
Progress (3): 336 kB | 1.3 MB | 608 kB
Progress (3): 336 kB | 1.3 MB | 608 kB
Progress (3): 336 kB | 1.3 MB | 612 kB
                                      
Downloaded from aiban-tianyin-core: https://aiban-maven.pkg.coding.net/repository/tianyin/core/org/apache/curator/curator-framework/5.5.0/curator-framework-5.5.0.jar (336 kB at 419 kB/s)
Progress (2): 1.3 MB | 616 kB
Progress (2): 1.3 MB | 616 kB
Progress (2): 1.3 MB | 621 kB
Progress (2): 1.3 MB | 625 kB
Progress (2): 1.3 MB | 625 kB
Progress (2): 1.3 MB | 629 kB
Progress (2): 1.3 MB | 633 kB
Progress (2): 1.3 MB | 637 kB
Progress (2): 1.3 MB | 641 kB
Progress (2): 1.3 MB | 645 kB
Progress (2): 1.3 MB | 649 kB
Progress (2): 1.3 MB | 653 kB
Progress (2): 1.3 MB | 657 kB
Progress (2): 1.3 MB | 662 kB
Progress (2): 1.3 MB | 666 kB
Progress (2): 1.3 MB | 670 kB
Progress (2): 1.3 MB | 674 kB
Progress (2): 1.3 MB | 678 kB
Progress (2): 1.3 MB | 682 kB
Progress (2): 1.3 MB | 686 kB
Progress (2): 1.3 MB | 690 kB
Progress (2): 1.3 MB | 694 kB
Progress (2): 1.3 MB | 698 kB
Progress (2): 1.3 MB | 703 kB
Progress (2): 1.3 MB | 707 kB
Progress (2): 1.3 MB | 711 kB
Progress (2): 1.3 MB | 715 kB
Progress (2): 1.3 MB | 719 kB
Progress (2): 1.3 MB | 723 kB
Progress (2): 1.3 MB | 727 kB
Progress (2): 1.3 MB | 731 kB
Progress (2): 1.3 MB | 735 kB
Progress (2): 1.3 MB | 739 kB
Progress (2): 1.3 MB | 743 kB
Progress (2): 1.3 MB | 748 kB
Progress (2): 1.3 MB | 752 kB
Progress (2): 1.3 MB | 756 kB
Progress (2): 1.3 MB | 760 kB
Progress (2): 1.3 MB | 764 kB
Progress (2): 1.3 MB | 768 kB
Progress (2): 1.3 MB | 772 kB
Progress (2): 1.3 MB | 776 kB
Progress (2): 1.3 MB | 780 kB
Progress (2): 1.3 MB | 784 kB
Progress (2): 1.3 MB | 789 kB
Progress (2): 1.3 MB | 793 kB
Progress (2): 1.3 MB | 797 kB
Progress (2): 1.3 MB | 801 kB
Progress (2): 1.3 MB | 805 kB
Progress (2): 1.3 MB | 809 kB
Progress (2): 1.3 MB | 813 kB
Progress (2): 1.3 MB | 817 kB
Progress (2): 1.3 MB | 821 kB
Progress (2): 1.3 MB | 825 kB
Progress (2): 1.3 MB | 829 kB
Progress (2): 1.3 MB | 834 kB
Progress (2): 1.3 MB | 838 kB
Progress (2): 1.3 MB | 842 kB
Progress (2): 1.3 MB | 846 kB
Progress (2): 1.3 MB | 850 kB
Progress (2): 1.3 MB | 854 kB
Progress (2): 1.3 MB | 858 kB
Progress (2): 1.3 MB | 862 kB
Progress (2): 1.3 MB | 866 kB
Progress (2): 1.3 MB | 870 kB
Progress (2): 1.3 MB | 875 kB
Progress (2): 1.3 MB | 879 kB
Progress (2): 1.3 MB | 883 kB
Progress (2): 1.3 MB | 887 kB
Progress (2): 1.3 MB | 891 kB
Progress (2): 1.3 MB | 895 kB
Progress (2): 1.3 MB | 899 kB
Progress (2): 1.3 MB | 903 kB
Progress (2): 1.3 MB | 907 kB
Progress (2): 1.3 MB | 911 kB
Progress (2): 1.3 MB | 915 kB
                             
Downloaded from aiban-tianyin-core: https://aiban-maven.pkg.coding.net/repository/tianyin/core/com/google/errorprone/error_prone_annotations/2.11.0/error_prone_annotations-2.11.0.jar (0 B at 0 B/s)
Progress (2): 1.3 MB | 920 kB
Progress (2): 1.3 MB | 924 kB
Progress (2): 1.3 MB | 928 kB
Progress (2): 1.3 MB | 932 kB
Progress (2): 1.3 MB | 936 kB
Progress (2): 1.3 MB | 940 kB
Progress (2): 1.3 MB | 944 kB
Progress (2): 1.3 MB | 948 kB
Progress (2): 1.3 MB | 952 kB
Progress (2): 1.3 MB | 956 kB
Progress (2): 1.3 MB | 961 kB
Progress (2): 1.3 MB | 965 kB
Progress (2): 1.3 MB | 969 kB
Progress (2): 1.3 MB | 973 kB
Progress (2): 1.3 MB | 977 kB
Progress (2): 1.3 MB | 981 kB
Progress (2): 1.3 MB | 985 kB
Progress (2): 1.3 MB | 989 kB
Progress (2): 1.3 MB | 993 kB
Progress (2): 1.3 MB | 997 kB
Progress (2): 1.3 MB | 1.0 MB
Progress (2): 1.3 MB | 1.0 MB
Progress (2): 1.3 MB | 1.0 MB
Progress (2): 1.3 MB | 1.0 MB
Progress (2): 1.3 MB | 1.0 MB
Progress (2): 1.3 MB | 1.0 MB
Progress (2): 1.3 MB | 1.0 MB
Progress (2): 1.3 MB | 1.0 MB
Progress (2): 1.3 MB | 1.0 MB
Progress (2): 1.3 MB | 1.0 MB
Progress (2): 1.3 MB | 1.0 MB
Progress (2): 1.3 MB | 1.0 MB
Progress (2): 1.3 MB | 1.1 MB
Progress (2): 1.3 MB | 1.1 MB
Progress (2): 1.3 MB | 1.1 MB
Progress (2): 1.3 MB | 1.1 MB
Progress (2): 1.3 MB | 1.1 MB
Progress (2): 1.3 MB | 1.1 MB
Progress (2): 1.3 MB | 1.1 MB
Progress (2): 1.3 MB | 1.1 MB
Progress (2): 1.3 MB | 1.1 MB
                             
Downloaded from aiban-tianyin-core: https://aiban-maven.pkg.coding.net/repository/tianyin/core/com/google/guava/guava/31.1-jre/guava-31.1-jre.jar (0 B at 0 B/s)
Progress (2): 1.3 MB | 1.1 MB
Progress (2): 1.3 MB | 1.1 MB
Progress (2): 1.3 MB | 1.1 MB
Progress (2): 1.3 MB | 1.1 MB
Progress (2): 1.3 MB | 1.1 MB
Progress (2): 1.3 MB | 1.1 MB
Progress (2): 1.3 MB | 1.1 MB
Progress (2): 1.3 MB | 1.1 MB
Progress (2): 1.3 MB | 1.1 MB
Progress (2): 1.3 MB | 1.1 MB
Progress (2): 1.3 MB | 1.1 MB
Progress (2): 1.3 MB | 1.1 MB
Progress (2): 1.3 MB | 1.1 MB
Progress (2): 1.3 MB | 1.1 MB
Progress (2): 1.3 MB | 1.1 MB
Progress (2): 1.3 MB | 1.1 MB
Progress (2): 1.3 MB | 1.2 MB
Progress (2): 1.3 MB | 1.2 MB
Progress (2): 1.3 MB | 1.2 MB
Progress (2): 1.3 MB | 1.2 MB
Progress (2): 1.3 MB | 1.2 MB
Progress (2): 1.3 MB | 1.2 MB
Progress (2): 1.3 MB | 1.2 MB
Progress (2): 1.3 MB | 1.2 MB
Progress (2): 1.3 MB | 1.2 MB
Progress (2): 1.3 MB | 1.2 MB
Progress (2): 1.3 MB | 1.2 MB
Progress (2): 1.3 MB | 1.2 MB
Progress (2): 1.3 MB | 1.2 MB
Progress (2): 1.3 MB | 1.2 MB
Progress (2): 1.3 MB | 1.2 MB
Progress (2): 1.3 MB | 1.2 MB
Progress (2): 1.3 MB | 1.2 MB
Progress (2): 1.3 MB | 1.2 MB
Progress (2): 1.3 MB | 1.2 MB
Progress (2): 1.3 MB | 1.2 MB
Progress (2): 1.3 MB | 1.2 MB
Progress (2): 1.3 MB | 1.2 MB
Progress (2): 1.3 MB | 1.2 MB
Progress (2): 1.3 MB | 1.2 MB
Progress (2): 1.3 MB | 1.2 MB
Progress (2): 1.3 MB | 1.2 MB
Progress (2): 1.3 MB | 1.3 MB
Progress (2): 1.3 MB | 1.3 MB
Progress (2): 1.3 MB | 1.3 MB
Progress (2): 1.3 MB | 1.3 MB
Progress (2): 1.3 MB | 1.3 MB
Progress (2): 1.3 MB | 1.3 MB
Progress (2): 1.3 MB | 1.3 MB
Progress (2): 1.3 MB | 1.3 MB
Progress (2): 1.3 MB | 1.3 MB
Progress (2): 1.3 MB | 1.3 MB
Progress (2): 1.3 MB | 1.3 MB
Progress (2): 1.3 MB | 1.3 MB
Progress (2): 1.3 MB | 1.3 MB
Progress (2): 1.3 MB | 1.3 MB
Progress (2): 1.3 MB | 1.3 MB
Progress (2): 1.3 MB | 1.3 MB
Progress (2): 1.3 MB | 1.3 MB
Progress (2): 1.3 MB | 1.3 MB
Progress (2): 1.3 MB | 1.3 MB
Progress (2): 1.3 MB | 1.3 MB
Progress (2): 1.3 MB | 1.3 MB
Progress (2): 1.3 MB | 1.3 MB
Progress (2): 1.3 MB | 1.3 MB
Progress (2): 1.3 MB | 1.3 MB
Progress (2): 1.3 MB | 1.3 MB
Progress (2): 1.3 MB | 1.4 MB
Progress (2): 1.3 MB | 1.4 MB
Progress (2): 1.3 MB | 1.4 MB
Progress (2): 1.3 MB | 1.4 MB
Progress (2): 1.3 MB | 1.4 MB
Progress (2): 1.3 MB | 1.4 MB
Progress (2): 1.3 MB | 1.4 MB
Progress (2): 1.3 MB | 1.4 MB
Progress (2): 1.3 MB | 1.4 MB
Progress (2): 1.3 MB | 1.4 MB
Progress (2): 1.3 MB | 1.4 MB
Progress (2): 1.3 MB | 1.4 MB
Progress (2): 1.3 MB | 1.4 MB
Progress (2): 1.3 MB | 1.4 MB
Progress (2): 1.3 MB | 1.4 MB
Progress (2): 1.3 MB | 1.4 MB
Progress (2): 1.3 MB | 1.4 MB
Progress (2): 1.3 MB | 1.4 MB
Progress (2): 1.3 MB | 1.4 MB
Progress (2): 1.3 MB | 1.4 MB
Progress (2): 1.3 MB | 1.4 MB
Progress (2): 1.3 MB | 1.4 MB
Progress (2): 1.3 MB | 1.4 MB
Progress (2): 1.3 MB | 1.4 MB
Progress (2): 1.3 MB | 1.4 MB
Progress (2): 1.3 MB | 1.5 MB
Progress (2): 1.3 MB | 1.5 MB
Progress (2): 1.3 MB | 1.5 MB
Progress (2): 1.3 MB | 1.5 MB
Progress (2): 1.3 MB | 1.5 MB
Progress (2): 1.3 MB | 1.5 MB
Progress (2): 1.3 MB | 1.5 MB
Progress (2): 1.3 MB | 1.5 MB
Progress (2): 1.3 MB | 1.5 MB
Progress (2): 1.3 MB | 1.5 MB
Progress (2): 1.3 MB | 1.5 MB
Progress (2): 1.3 MB | 1.5 MB
Progress (2): 1.3 MB | 1.5 MB
Progress (2): 1.3 MB | 1.5 MB
Progress (2): 1.3 MB | 1.5 MB
Progress (2): 1.3 MB | 1.5 MB
Progress (2): 1.3 MB | 1.5 MB
Progress (2): 1.3 MB | 1.5 MB
Progress (2): 1.3 MB | 1.5 MB
Progress (2): 1.3 MB | 1.5 MB
Progress (2): 1.3 MB | 1.5 MB
Progress (2): 1.3 MB | 1.5 MB
Progress (2): 1.3 MB | 1.5 MB
Progress (2): 1.3 MB | 1.5 MB
Progress (2): 1.3 MB | 1.5 MB
Progress (2): 1.3 MB | 1.5 MB
Progress (2): 1.3 MB | 1.5 MB
Progress (2): 1.3 MB | 1.6 MB
Progress (2): 1.3 MB | 1.6 MB
Progress (2): 1.3 MB | 1.6 MB
Progress (2): 1.3 MB | 1.6 MB
Progress (2): 1.3 MB | 1.6 MB
Progress (2): 1.3 MB | 1.6 MB
Progress (2): 1.3 MB | 1.6 MB
Progress (2): 1.3 MB | 1.6 MB
Progress (2): 1.3 MB | 1.6 MB
Progress (2): 1.3 MB | 1.6 MB
Progress (2): 1.3 MB | 1.6 MB
Progress (2): 1.3 MB | 1.6 MB
Progress (2): 1.3 MB | 1.6 MB
Progress (2): 1.3 MB | 1.6 MB
Progress (2): 1.3 MB | 1.6 MB
Progress (2): 1.3 MB | 1.6 MB
Progress (2): 1.3 MB | 1.6 MB
Progress (2): 1.3 MB | 1.6 MB
Progress (2): 1.3 MB | 1.6 MB
Progress (2): 1.3 MB | 1.6 MB
Progress (2): 1.3 MB | 1.6 MB
Progress (2): 1.3 MB | 1.6 MB
Progress (2): 1.3 MB | 1.6 MB
Progress (2): 1.3 MB | 1.6 MB
Progress (2): 1.3 MB | 1.7 MB
Progress (2): 1.3 MB | 1.7 MB
Progress (2): 1.3 MB | 1.7 MB
Progress (2): 1.3 MB | 1.7 MB
Progress (2): 1.3 MB | 1.7 MB
Progress (2): 1.3 MB | 1.7 MB
Progress (2): 1.3 MB | 1.7 MB
Progress (2): 1.3 MB | 1.7 MB
Progress (2): 1.3 MB | 1.7 MB
Progress (2): 1.3 MB | 1.7 MB
Progress (2): 1.3 MB | 1.7 MB
Progress (2): 1.3 MB | 1.7 MB
Progress (2): 1.3 MB | 1.7 MB
Progress (2): 1.3 MB | 1.7 MB
Progress (2): 1.3 MB | 1.7 MB
Progress (2): 1.3 MB | 1.7 MB
Progress (2): 1.3 MB | 1.7 MB
Progress (2): 1.3 MB | 1.7 MB
Progress (2): 1.3 MB | 1.7 MB
Progress (2): 1.3 MB | 1.7 MB
Progress (2): 1.3 MB | 1.7 MB
Progress (2): 1.3 MB | 1.7 MB
Progress (2): 1.3 MB | 1.7 MB
Progress (2): 1.3 MB | 1.7 MB
Progress (2): 1.3 MB | 1.7 MB
Progress (2): 1.3 MB | 1.7 MB
Progress (2): 1.3 MB | 1.8 MB
Progress (2): 1.3 MB | 1.8 MB
Progress (2): 1.3 MB | 1.8 MB
Progress (2): 1.3 MB | 1.8 MB
Progress (2): 1.3 MB | 1.8 MB
Progress (2): 1.3 MB | 1.8 MB
Progress (2): 1.3 MB | 1.8 MB
Progress (2): 1.3 MB | 1.8 MB
Progress (2): 1.3 MB | 1.8 MB
Progress (2): 1.3 MB | 1.8 MB
Progress (2): 1.3 MB | 1.8 MB
Progress (2): 1.3 MB | 1.8 MB
Progress (2): 1.3 MB | 1.8 MB
Progress (2): 1.3 MB | 1.8 MB
Progress (2): 1.3 MB | 1.8 MB
Progress (2): 1.3 MB | 1.8 MB
Progress (2): 1.3 MB | 1.8 MB
Progress (2): 1.3 MB | 1.8 MB
Progress (2): 1.3 MB | 1.8 MB
Progress (2): 1.3 MB | 1.8 MB
Progress (2): 1.3 MB | 1.8 MB
Progress (2): 1.3 MB | 1.8 MB
Progress (2): 1.3 MB | 1.8 MB
Progress (2): 1.3 MB | 1.8 MB
Progress (2): 1.3 MB | 1.8 MB
Progress (2): 1.3 MB | 1.8 MB
Progress (2): 1.3 MB | 1.9 MB
Progress (2): 1.3 MB | 1.9 MB
Progress (2): 1.3 MB | 1.9 MB
Progress (2): 1.3 MB | 1.9 MB
Progress (2): 1.3 MB | 1.9 MB
Progress (2): 1.3 MB | 1.9 MB
Progress (2): 1.3 MB | 1.9 MB
Progress (2): 1.3 MB | 1.9 MB
Progress (2): 1.3 MB | 1.9 MB
Progress (2): 1.3 MB | 1.9 MB
Progress (2): 1.3 MB | 1.9 MB
Progress (2): 1.3 MB | 1.9 MB
Progress (2): 1.3 MB | 1.9 MB
Progress (2): 1.3 MB | 1.9 MB
Progress (2): 1.3 MB | 1.9 MB
Progress (2): 1.3 MB | 1.9 MB
Progress (2): 1.3 MB | 1.9 MB
Progress (2): 1.3 MB | 1.9 MB
Progress (2): 1.3 MB | 1.9 MB
Progress (2): 1.3 MB | 1.9 MB
Progress (2): 1.3 MB | 1.9 MB
Progress (2): 1.3 MB | 1.9 MB
Progress (2): 1.3 MB | 1.9 MB
                             
Downloaded from aiban-tianyin-core: https://aiban-maven.pkg.coding.net/repository/tianyin/core/org/apache/zookeeper/zookeeper/3.7.1/zookeeper-3.7.1.jar (1.3 MB at 1.4 MB/s)
Progress (1): 1.9 MB
Progress (1): 2.0 MB
Progress (1): 2.0 MB
Progress (1): 2.0 MB
Progress (1): 2.0 MB
Progress (1): 2.0 MB
Progress (1): 2.0 MB
Progress (1): 2.0 MB
Progress (1): 2.0 MB
Progress (1): 2.0 MB
Progress (1): 2.0 MB
Progress (1): 2.0 MB
Progress (1): 2.0 MB
Progress (1): 2.0 MB
Progress (1): 2.0 MB
Progress (1): 2.0 MB
Progress (1): 2.0 MB
Progress (1): 2.0 MB
Progress (1): 2.0 MB
Progress (1): 2.0 MB
Progress (1): 2.0 MB
Progress (1): 2.0 MB
Progress (1): 2.0 MB
Progress (1): 2.0 MB
Progress (1): 2.0 MB
Progress (1): 2.0 MB
Progress (1): 2.0 MB
Progress (1): 2.1 MB
Progress (1): 2.1 MB
Progress (1): 2.1 MB
Progress (1): 2.1 MB
Progress (1): 2.1 MB
Progress (1): 2.1 MB
Progress (1): 2.1 MB
Progress (1): 2.1 MB
Progress (1): 2.1 MB
Progress (1): 2.1 MB
Progress (1): 2.1 MB
Progress (1): 2.1 MB
Progress (1): 2.1 MB
Progress (1): 2.1 MB
Progress (1): 2.1 MB
Progress (1): 2.1 MB
Progress (1): 2.1 MB
Progress (1): 2.1 MB
Progress (1): 2.1 MB
Progress (1): 2.1 MB
Progress (1): 2.1 MB
Progress (1): 2.1 MB
Progress (1): 2.1 MB
Progress (1): 2.1 MB
Progress (1): 2.1 MB
Progress (1): 2.2 MB
Progress (1): 2.2 MB
Progress (1): 2.2 MB
Progress (1): 2.2 MB
Progress (1): 2.2 MB
Progress (1): 2.2 MB
Progress (1): 2.2 MB
Progress (1): 2.2 MB
Progress (1): 2.2 MB
Progress (1): 2.2 MB
Progress (1): 2.2 MB
Progress (1): 2.2 MB
Progress (1): 2.2 MB
Progress (1): 2.2 MB
Progress (1): 2.2 MB
Progress (1): 2.2 MB
Progress (1): 2.2 MB
Progress (1): 2.2 MB
Progress (1): 2.2 MB
Progress (1): 2.2 MB
Progress (1): 2.2 MB
Progress (1): 2.2 MB
Progress (1): 2.2 MB
Progress (1): 2.2 MB
Progress (1): 2.2 MB
Progress (1): 2.3 MB
Progress (1): 2.3 MB
Progress (1): 2.3 MB
Progress (1): 2.3 MB
Progress (1): 2.3 MB
Progress (1): 2.3 MB
Progress (1): 2.3 MB
Progress (1): 2.3 MB
Progress (1): 2.3 MB
Progress (1): 2.3 MB
Progress (1): 2.3 MB
Progress (1): 2.3 MB
Progress (1): 2.3 MB
Progress (1): 2.3 MB
Progress (1): 2.3 MB
Progress (1): 2.3 MB
Progress (1): 2.3 MB
Progress (1): 2.3 MB
Progress (1): 2.3 MB
Progress (1): 2.3 MB
Progress (1): 2.3 MB
Progress (1): 2.3 MB
Progress (1): 2.3 MB
Progress (1): 2.3 MB
Progress (1): 2.3 MB
Progress (1): 2.4 MB
Progress (1): 2.4 MB
Progress (1): 2.4 MB
Progress (1): 2.4 MB
Progress (1): 2.4 MB
Progress (1): 2.4 MB
Progress (1): 2.4 MB
Progress (1): 2.4 MB
Progress (1): 2.4 MB
Progress (1): 2.4 MB
Progress (1): 2.4 MB
Progress (1): 2.4 MB
Progress (1): 2.4 MB
Progress (1): 2.4 MB
Progress (1): 2.4 MB
Progress (1): 2.4 MB
Progress (1): 2.4 MB
Progress (1): 2.4 MB
Progress (1): 2.4 MB
Progress (1): 2.4 MB
Progress (1): 2.4 MB
Progress (1): 2.4 MB
Progress (1): 2.4 MB
Progress (1): 2.4 MB
Progress (1): 2.5 MB
Progress (1): 2.5 MB
Progress (1): 2.5 MB
Progress (1): 2.5 MB
Progress (1): 2.5 MB
Progress (1): 2.5 MB
Progress (1): 2.5 MB
Progress (1): 2.5 MB
Progress (1): 2.5 MB
Progress (1): 2.5 MB
Progress (1): 2.5 MB
Progress (1): 2.5 MB
Progress (1): 2.5 MB
Progress (1): 2.5 MB
Progress (1): 2.5 MB
Progress (1): 2.5 MB
Progress (1): 2.5 MB
Progress (1): 2.5 MB
Progress (1): 2.5 MB
Progress (1): 2.5 MB
Progress (1): 2.5 MB
Progress (1): 2.5 MB
Progress (1): 2.5 MB
Progress (1): 2.5 MB
Progress (1): 2.5 MB
Progress (1): 2.6 MB
Progress (1): 2.6 MB
Progress (1): 2.6 MB
Progress (1): 2.6 MB
Progress (1): 2.6 MB
Progress (1): 2.6 MB
Progress (1): 2.6 MB
Progress (1): 2.6 MB
Progress (1): 2.6 MB
Progress (1): 2.6 MB
Progress (1): 2.6 MB
Progress (1): 2.6 MB
Progress (1): 2.6 MB
Progress (1): 2.6 MB
Progress (1): 2.6 MB
Progress (1): 2.6 MB
Progress (1): 2.6 MB
Progress (1): 2.6 MB
Progress (1): 2.6 MB
Progress (1): 2.6 MB
Progress (1): 2.6 MB
Progress (1): 2.6 MB
Progress (1): 2.6 MB
Progress (1): 2.6 MB
Progress (1): 2.6 MB
Progress (1): 2.7 MB
Progress (1): 2.7 MB
Progress (1): 2.7 MB
Progress (1): 2.7 MB
Progress (1): 2.7 MB
Progress (1): 2.7 MB
Progress (1): 2.7 MB
Progress (1): 2.7 MB
Progress (1): 2.7 MB
Progress (1): 2.7 MB
Progress (1): 2.7 MB
Progress (1): 2.7 MB
Progress (1): 2.7 MB
Progress (1): 2.7 MB
Progress (1): 2.7 MB
Progress (1): 2.7 MB
Progress (1): 2.7 MB
Progress (1): 2.7 MB
Progress (1): 2.7 MB
Progress (1): 2.7 MB
Progress (1): 2.7 MB
Progress (1): 2.7 MB
Progress (1): 2.7 MB
Progress (1): 2.7 MB
Progress (1): 2.8 MB
Progress (1): 2.8 MB
Progress (1): 2.8 MB
Progress (1): 2.8 MB
Progress (1): 2.8 MB
Progress (1): 2.8 MB
Progress (1): 2.8 MB
Progress (1): 2.8 MB
Progress (1): 2.8 MB
Progress (1): 2.8 MB
Progress (1): 2.8 MB
Progress (1): 2.8 MB
Progress (1): 2.8 MB
Progress (1): 2.8 MB
Progress (1): 2.8 MB
Progress (1): 2.8 MB
Progress (1): 2.8 MB
Progress (1): 2.8 MB
Progress (1): 2.8 MB
Progress (1): 2.8 MB
Progress (1): 2.8 MB
Progress (1): 2.8 MB
Progress (1): 2.8 MB
Progress (1): 2.8 MB
Progress (1): 2.8 MB
Progress (1): 2.9 MB
Progress (1): 2.9 MB
Progress (1): 2.9 MB
Progress (1): 2.9 MB
Progress (1): 2.9 MB
Progress (1): 2.9 MB
Progress (1): 2.9 MB
Progress (1): 2.9 MB
Progress (1): 2.9 MB
Progress (1): 2.9 MB
Progress (1): 2.9 MB
Progress (1): 2.9 MB
Progress (1): 2.9 MB
Progress (1): 2.9 MB
Progress (1): 2.9 MB
Progress (1): 2.9 MB
Progress (1): 2.9 MB
Progress (1): 2.9 MB
Progress (1): 2.9 MB
Progress (1): 2.9 MB
Progress (1): 2.9 MB
Progress (1): 2.9 MB
Progress (1): 2.9 MB
Progress (1): 2.9 MB
Progress (1): 3.0 MB
Progress (1): 3.0 MB
Progress (1): 3.0 MB
Progress (1): 3.0 MB
Progress (1): 3.0 MB
Progress (1): 3.0 MB
Progress (1): 3.0 MB
Progress (1): 3.0 MB
Progress (1): 3.0 MB
Progress (1): 3.0 MB
Progress (1): 3.0 MB
Progress (1): 3.0 MB
Progress (1): 3.0 MB
Progress (1): 3.0 MB
Progress (1): 3.0 MB
Progress (1): 3.0 MB
Progress (1): 3.0 MB
Progress (1): 3.0 MB
Progress (1): 3.0 MB
Progress (1): 3.0 MB
Progress (1): 3.0 MB
Progress (1): 3.0 MB
Progress (1): 3.0 MB
Progress (1): 3.0 MB
Progress (1): 3.0 MB
Progress (1): 3.1 MB
Progress (1): 3.1 MB
Progress (1): 3.1 MB
Progress (1): 3.1 MB
Progress (1): 3.1 MB
Progress (1): 3.1 MB
Progress (1): 3.1 MB
Progress (1): 3.1 MB
Progress (1): 3.1 MB
Progress (1): 3.1 MB
Progress (1): 3.1 MB
Progress (1): 3.1 MB
Progress (1): 3.1 MB
Progress (1): 3.1 MB
Progress (1): 3.1 MB
Progress (1): 3.1 MB
Progress (1): 3.1 MB
Progress (1): 3.1 MB
Progress (1): 3.1 MB
Progress (1): 3.1 MB
Progress (1): 3.1 MB
Progress (1): 3.1 MB
Progress (1): 3.1 MB
Progress (1): 3.1 MB
Progress (1): 3.2 MB
Progress (1): 3.2 MB
Progress (1): 3.2 MB
Progress (1): 3.2 MB
Progress (1): 3.2 MB
Progress (1): 3.2 MB
Progress (1): 3.2 MB
Progress (1): 3.2 MB
Progress (1): 3.2 MB
Progress (1): 3.2 MB
Progress (1): 3.2 MB
Progress (1): 3.2 MB
Progress (1): 3.2 MB
Progress (1): 3.2 MB
Progress (1): 3.2 MB
                    
Downloaded from aiban-tianyin-core: https://aiban-maven.pkg.coding.net/repository/tianyin/core/org/apache/curator/curator-client/5.5.0/curator-client-5.5.0.jar (3.2 MB at 2.7 MB/s)
[[1;34mINFO[m] 
[[1;34mINFO[m] [1m--- [0;32mmaven-clean-plugin:3.1.0:clean[m [1m(default-clean)[m @ [36mcurator-spring-boot-starter[0;1m ---[m
[[1;34mINFO[m] Deleting /Users/wandl/workspaces/workspace-ddd4j/workspace-ddd4j-boot-starters/curator-spring-boot-starter/target
[[1;34mINFO[m] 
[[1;34mINFO[m] [1m--- [0;32mmaven-enforcer-plugin:3.0.0-M3:enforce[m [1m(default-cli)[m @ [36mcurator-spring-boot-starter[0;1m ---[m
[[1;34mINFO[m] 
[[1;34mINFO[m] [1m--- [0;32mmaven-resources-plugin:3.1.0:resources[m [1m(default-resources)[m @ [36mcurator-spring-boot-starter[0;1m ---[m
[[1;34mINFO[m] Using 'UTF-8' encoding to copy filtered resources.
[[1;34mINFO[m] Copying 0 resource
[[1;34mINFO[m] Copying 2 resources
[[1;34mINFO[m] 
[[1;34mINFO[m] [1m--- [0;32mmaven-compiler-plugin:3.8.1:compile[m [1m(default-compile)[m @ [36mcurator-spring-boot-starter[0;1m ---[m
[[1;34mINFO[m] Changes detected - recompiling the module!
[[1;34mINFO[m] Compiling 5 source files to /Users/wandl/workspaces/workspace-ddd4j/workspace-ddd4j-boot-starters/curator-spring-boot-starter/target/classes
[[1;34mINFO[m] [1m------------------------------------------------------------------------[m
[[1;34mINFO[m] [1;31mBUILD FAILURE[m
[[1;34mINFO[m] [1m------------------------------------------------------------------------[m
[[1;34mINFO[m] Total time:  5.141 s
[[1;34mINFO[m] Finished at: 2026-03-16T13:46:04+08:00
[[1;34mINFO[m] [1m------------------------------------------------------------------------[m
[[1;31mERROR[m] Failed to execute goal [32morg.apache.maven.plugins:maven-compiler-plugin:3.8.1:compile[m [1m(default-compile)[m on project [36mcurator-spring-boot-starter[m: [1;31mFatal error compiling[m: java.lang.IllegalAccessError: class lombok.javac.apt.LombokProcessor (in unnamed module @0x21274afe) cannot access class com.sun.tools.javac.processing.JavacProcessingEnvironment (in module jdk.compiler) because module jdk.compiler does not export com.sun.tools.javac.processing to unnamed module @0x21274afe -> [1m[Help 1][m
[[1;31mERROR[m] 
[[1;31mERROR[m] To see the full stack trace of the errors, re-run Maven with the [1m-e[m switch.
[[1;31mERROR[m] Re-run Maven using the [1m-X[m switch to enable full debug logging.
[[1;31mERROR[m] 
[[1;31mERROR[m] For more information about the errors and possible solutions, please read the following articles:
[[1;31mERROR[m] [1m[Help 1][m http://cwiki.apache.org/confluence/display/MAVEN/MojoExecutionException
[curator-spring-boot-starter/2.3.x] 失败 - 查看日志
[[1;34mINFO[m] Scanning for projects...
[[1;34mINFO[m] 
[[1;34mINFO[m] [1m-----------< [0;36mio.github.hiwepy:curator-spring-boot-starter[0;1m >------------[m
[[1;34mINFO[m] [1mBuilding io.github.hiwepy:curator-spring-boot-starter 2.7.x.20240823.RELEASE[m
[[1;34mINFO[m] [1m--------------------------------[ jar ]---------------------------------[m
Downloading from aiban-tianyin-core: https://aiban-maven.pkg.coding.net/repository/tianyin/core/io/netty/netty-transport-native-epoll/4.1.77.Final/netty-transport-native-epoll-4.1.77.Final.jar
Downloaded from aiban-tianyin-core: https://aiban-maven.pkg.coding.net/repository/tianyin/core/io/netty/netty-transport-native-epoll/4.1.77.Final/netty-transport-native-epoll-4.1.77.Final.jar (0 B at 0 B/s)
[[1;34mINFO[m] 
[[1;34mINFO[m] [1m--- [0;32mmaven-clean-plugin:3.2.0:clean[m [1m(default-clean)[m @ [36mcurator-spring-boot-starter[0;1m ---[m
[[1;34mINFO[m] Deleting /Users/wandl/workspaces/workspace-ddd4j/workspace-ddd4j-boot-starters/curator-spring-boot-starter/target
[[1;34mINFO[m] 
[[1;34mINFO[m] [1m--- [0;32mmaven-enforcer-plugin:3.0.0:enforce[m [1m(default-cli)[m @ [36mcurator-spring-boot-starter[0;1m ---[m
[[1;34mINFO[m] 
[[1;34mINFO[m] [1m--- [0;32mmaven-resources-plugin:3.1.0:resources[m [1m(default-resources)[m @ [36mcurator-spring-boot-starter[0;1m ---[m
[[1;34mINFO[m] Using 'UTF-8' encoding to copy filtered resources.
[[1;34mINFO[m] Copying 0 resource
[[1;34mINFO[m] Copying 2 resources
[[1;34mINFO[m] 
[[1;34mINFO[m] [1m--- [0;32mmaven-compiler-plugin:3.10.1:compile[m [1m(default-compile)[m @ [36mcurator-spring-boot-starter[0;1m ---[m
[[1;34mINFO[m] Changes detected - recompiling the module!
[[1;34mINFO[m] Compiling 5 source files to /Users/wandl/workspaces/workspace-ddd4j/workspace-ddd4j-boot-starters/curator-spring-boot-starter/target/classes
[[1;34mINFO[m] [1m------------------------------------------------------------------------[m
[[1;34mINFO[m] [1;31mBUILD FAILURE[m
[[1;34mINFO[m] [1m------------------------------------------------------------------------[m
[[1;34mINFO[m] Total time:  1.234 s
[[1;34mINFO[m] Finished at: 2026-03-16T13:46:05+08:00
[[1;34mINFO[m] [1m------------------------------------------------------------------------[m
[[1;31mERROR[m] Failed to execute goal [32morg.apache.maven.plugins:maven-compiler-plugin:3.10.1:compile[m [1m(default-compile)[m on project [36mcurator-spring-boot-starter[m: [1;31mFatal error compiling[m: java.lang.NoSuchFieldError: Class com.sun.tools.javac.tree.JCTree$JCImport does not have member field 'com.sun.tools.javac.tree.JCTree qualid' -> [1m[Help 1][m
[[1;31mERROR[m] 
[[1;31mERROR[m] To see the full stack trace of the errors, re-run Maven with the [1m-e[m switch.
[[1;31mERROR[m] Re-run Maven using the [1m-X[m switch to enable full debug logging.
[[1;31mERROR[m] 
[[1;31mERROR[m] For more information about the errors and possible solutions, please read the following articles:
[[1;31mERROR[m] [1m[Help 1][m http://cwiki.apache.org/confluence/display/MAVEN/MojoExecutionException
[curator-spring-boot-starter/2.7.x] 失败 - 查看日志
[[1;34mINFO[m] Scanning for projects...
[[1;34mINFO[m] 
[[1;34mINFO[m] [1m-----------< [0;36mio.github.hiwepy:curator-spring-boot-starter[0;1m >------------[m
[[1;34mINFO[m] [1mBuilding io.github.hiwepy:curator-spring-boot-starter 3.0.x.20251227-SNAPSHOT[m
[[1;34mINFO[m] [1m--------------------------------[ jar ]---------------------------------[m
Downloading from aiban-tianyin-core: https://aiban-maven.pkg.coding.net/repository/tianyin/core/org/apache/curator/curator-recipes/5.7.0/curator-recipes-5.7.0.pom
Progress (1): 2.6 kB
Progress (1): 3.8 kB
                    
Downloaded from aiban-tianyin-core: https://aiban-maven.pkg.coding.net/repository/tianyin/core/org/apache/curator/curator-recipes/5.7.0/curator-recipes-5.7.0.pom (3.8 kB at 6.0 kB/s)
Downloading from aiban-tianyin-core: https://aiban-maven.pkg.coding.net/repository/tianyin/core/org/apache/curator/apache-curator/5.7.0/apache-curator-5.7.0.pom
Progress (1): 4.0 kB
Progress (1): 8.1 kB
Progress (1): 11 kB 
Progress (1): 15 kB
Progress (1): 18 kB
Progress (1): 22 kB
Progress (1): 25 kB
Progress (1): 29 kB
Progress (1): 32 kB
Progress (1): 34 kB
Progress (1): 38 kB
Progress (1): 40 kB
                   
Downloaded from aiban-tianyin-core: https://aiban-maven.pkg.coding.net/repository/tianyin/core/org/apache/curator/apache-curator/5.7.0/apache-curator-5.7.0.pom (40 kB at 84 kB/s)
Downloading from aiban-tianyin-core: https://aiban-maven.pkg.coding.net/repository/tianyin/core/org/apache/curator/curator-framework/5.7.0/curator-framework-5.7.0.pom
Progress (1): 2.6 kB
Progress (1): 3.9 kB
                    
Downloaded from aiban-tianyin-core: https://aiban-maven.pkg.coding.net/repository/tianyin/core/org/apache/curator/curator-framework/5.7.0/curator-framework-5.7.0.pom (3.9 kB at 11 kB/s)
Downloading from aiban-tianyin-core: https://aiban-maven.pkg.coding.net/repository/tianyin/core/org/apache/curator/curator-client/5.7.0/curator-client-5.7.0.pom
Progress (1): 4.0 kB
Progress (1): 5.0 kB
                    
Downloaded from aiban-tianyin-core: https://aiban-maven.pkg.coding.net/repository/tianyin/core/org/apache/curator/curator-client/5.7.0/curator-client-5.7.0.pom (5.0 kB at 16 kB/s)
Downloading from aiban-tianyin-core: https://aiban-maven.pkg.coding.net/repository/tianyin/core/org/apache/zookeeper/zookeeper/3.9.1/zookeeper-3.9.1.pom
Progress (1): 2.6 kB
Progress (1): 5.4 kB
Progress (1): 9.5 kB
Progress (1): 12 kB 
                   
Downloaded from aiban-tianyin-core: https://aiban-maven.pkg.coding.net/repository/tianyin/core/org/apache/zookeeper/zookeeper/3.9.1/zookeeper-3.9.1.pom (12 kB at 29 kB/s)
Downloading from aiban-tianyin-core: https://aiban-maven.pkg.coding.net/repository/tianyin/core/org/apache/zookeeper/parent/3.9.1/parent-3.9.1.pom
Progress (1): 4.1 kB
Progress (1): 8.2 kB
Progress (1): 11 kB 
Progress (1): 14 kB
Progress (1): 18 kB
Progress (1): 21 kB
Progress (1): 23 kB
Progress (1): 26 kB
Progress (1): 30 kB
Progress (1): 35 kB
Progress (1): 39 kB
Progress (1): 42 kB
Progress (1): 45 kB
                   
Downloaded from aiban-tianyin-core: https://aiban-maven.pkg.coding.net/repository/tianyin/core/org/apache/zookeeper/parent/3.9.1/parent-3.9.1.pom (45 kB at 93 kB/s)
Downloading from aiban-tianyin-core: https://aiban-maven.pkg.coding.net/repository/tianyin/core/io/netty/netty-bom/4.1.94.Final/netty-bom-4.1.94.Final.pom
Downloaded from aiban-tianyin-core: https://aiban-maven.pkg.coding.net/repository/tianyin/core/io/netty/netty-bom/4.1.94.Final/netty-bom-4.1.94.Final.pom (0 B at 0 B/s)
Downloading from aiban-tianyin-core: https://aiban-maven.pkg.coding.net/repository/tianyin/core/org/apache/zookeeper/zookeeper-jute/3.9.1/zookeeper-jute-3.9.1.pom
Progress (1): 3.8 kB
Progress (1): 6.7 kB
                    
Downloaded from aiban-tianyin-core: https://aiban-maven.pkg.coding.net/repository/tianyin/core/org/apache/zookeeper/zookeeper-jute/3.9.1/zookeeper-jute-3.9.1.pom (6.7 kB at 16 kB/s)
Downloading from aiban-tianyin-core: https://aiban-maven.pkg.coding.net/repository/tianyin/core/com/google/guava/guava/32.0.0-jre/guava-32.0.0-jre.pom
Progress (1): 4.1 kB
Progress (1): 8.2 kB
Progress (1): 11 kB 
                   
Downloaded from aiban-tianyin-core: https://aiban-maven.pkg.coding.net/repository/tianyin/core/com/google/guava/guava/32.0.0-jre/guava-32.0.0-jre.pom (11 kB at 43 kB/s)
Downloading from aiban-tianyin-core: https://aiban-maven.pkg.coding.net/repository/tianyin/core/com/google/guava/guava-parent/32.0.0-jre/guava-parent-32.0.0-jre.pom
Progress (1): 4.0 kB
Progress (1): 8.1 kB
Progress (1): 12 kB 
Progress (1): 16 kB
Progress (1): 19 kB
Progress (1): 21 kB
                   
Downloaded from aiban-tianyin-core: https://aiban-maven.pkg.coding.net/repository/tianyin/core/com/google/guava/guava-parent/32.0.0-jre/guava-parent-32.0.0-jre.pom (21 kB at 68 kB/s)
Downloading from aiban-tianyin-core: https://aiban-maven.pkg.coding.net/repository/tianyin/core/com/google/errorprone/error_prone_annotations/2.18.0/error_prone_annotations-2.18.0.pom
Downloaded from aiban-tianyin-core: https://aiban-maven.pkg.coding.net/repository/tianyin/core/com/google/errorprone/error_prone_annotations/2.18.0/error_prone_annotations-2.18.0.pom (0 B at 0 B/s)
Downloading from aiban-tianyin-core: https://aiban-maven.pkg.coding.net/repository/tianyin/core/com/google/errorprone/error_prone_parent/2.18.0/error_prone_parent-2.18.0.pom
Downloaded from aiban-tianyin-core: https://aiban-maven.pkg.coding.net/repository/tianyin/core/com/google/errorprone/error_prone_parent/2.18.0/error_prone_parent-2.18.0.pom (0 B at 0 B/s)
Downloading from aiban-tianyin-core: https://aiban-maven.pkg.coding.net/repository/tianyin/core/org/apache/curator/curator-recipes/5.7.0/curator-recipes-5.7.0.jar
Downloading from aiban-tianyin-core: https://aiban-maven.pkg.coding.net/repository/tianyin/core/org/apache/curator/curator-client/5.7.0/curator-client-5.7.0.jar
Downloading from aiban-tianyin-core: https://aiban-maven.pkg.coding.net/repository/tianyin/core/org/apache/curator/curator-framework/5.7.0/curator-framework-5.7.0.jar
Downloading from aiban-tianyin-core: https://aiban-maven.pkg.coding.net/repository/tianyin/core/org/apache/zookeeper/zookeeper-jute/3.9.1/zookeeper-jute-3.9.1.jar
Downloading from aiban-tianyin-core: https://aiban-maven.pkg.coding.net/repository/tianyin/core/org/apache/zookeeper/zookeeper/3.9.1/zookeeper-3.9.1.jar
Progress (1): 4.0 kB
Progress (1): 8.1 kB
Progress (1): 11 kB 
Progress (1): 14 kB
Progress (1): 17 kB
Progress (1): 21 kB
Progress (1): 24 kB
Progress (1): 28 kB
Progress (1): 32 kB
Progress (1): 35 kB
Progress (1): 37 kB
Progress (1): 40 kB
Progress (1): 44 kB
Progress (1): 48 kB
Progress (1): 52 kB
Progress (1): 56 kB
Progress (1): 60 kB
Progress (1): 65 kB
Progress (1): 69 kB
Progress (2): 69 kB | 4.1 kB
Progress (2): 71 kB | 4.1 kB
Progress (2): 75 kB | 4.1 kB
Progress (2): 75 kB | 8.2 kB
Progress (2): 80 kB | 8.2 kB
Progress (2): 80 kB | 12 kB 
Progress (2): 84 kB | 12 kB
Progress (2): 88 kB | 12 kB
Progress (2): 92 kB | 12 kB
Progress (2): 96 kB | 12 kB
Progress (2): 100 kB | 12 kB
Progress (2): 104 kB | 12 kB
Progress (2): 108 kB | 12 kB
Progress (2): 112 kB | 12 kB
Progress (2): 116 kB | 12 kB
Progress (2): 121 kB | 12 kB
Progress (2): 125 kB | 12 kB
Progress (2): 129 kB | 12 kB
Progress (2): 133 kB | 12 kB
Progress (2): 137 kB | 12 kB
Progress (2): 141 kB | 12 kB
Progress (2): 145 kB | 12 kB
Progress (2): 149 kB | 12 kB
Progress (2): 153 kB | 12 kB
Progress (2): 157 kB | 12 kB
Progress (2): 162 kB | 12 kB
Progress (2): 166 kB | 12 kB
Progress (2): 170 kB | 12 kB
Progress (2): 174 kB | 12 kB
Progress (2): 178 kB | 12 kB
Progress (2): 182 kB | 12 kB
Progress (2): 186 kB | 12 kB
Progress (2): 190 kB | 12 kB
Progress (2): 190 kB | 16 kB
Progress (2): 194 kB | 16 kB
Progress (2): 194 kB | 20 kB
Progress (2): 194 kB | 23 kB
Progress (2): 194 kB | 28 kB
Progress (2): 194 kB | 32 kB
Progress (2): 194 kB | 36 kB
Progress (2): 194 kB | 39 kB
Progress (2): 194 kB | 42 kB
Progress (2): 194 kB | 46 kB
Progress (2): 198 kB | 46 kB
Progress (2): 202 kB | 46 kB
Progress (2): 207 kB | 46 kB
Progress (2): 211 kB | 46 kB
Progress (2): 215 kB | 46 kB
Progress (2): 219 kB | 46 kB
Progress (2): 223 kB | 46 kB
Progress (2): 227 kB | 46 kB
Progress (2): 231 kB | 46 kB
Progress (2): 235 kB | 46 kB
Progress (2): 239 kB | 46 kB
Progress (2): 243 kB | 46 kB
Progress (2): 248 kB | 46 kB
Progress (2): 252 kB | 46 kB
Progress (2): 256 kB | 46 kB
Progress (2): 256 kB | 46 kB
Progress (2): 256 kB | 50 kB
Progress (2): 256 kB | 54 kB
Progress (2): 256 kB | 58 kB
Progress (2): 256 kB | 62 kB
Progress (2): 256 kB | 65 kB
Progress (2): 256 kB | 69 kB
Progress (2): 256 kB | 71 kB
Progress (2): 256 kB | 74 kB
Progress (2): 256 kB | 77 kB
Progress (2): 256 kB | 81 kB
Progress (2): 256 kB | 85 kB
Progress (2): 256 kB | 89 kB
Progress (2): 256 kB | 93 kB
Progress (2): 256 kB | 97 kB
Progress (2): 256 kB | 101 kB
Progress (2): 256 kB | 105 kB
Progress (2): 256 kB | 110 kB
Progress (2): 256 kB | 114 kB
Progress (2): 256 kB | 118 kB
Progress (2): 256 kB | 122 kB
Progress (2): 256 kB | 126 kB
Progress (2): 256 kB | 130 kB
Progress (2): 256 kB | 134 kB
Progress (2): 256 kB | 138 kB
Progress (2): 256 kB | 142 kB
Progress (2): 256 kB | 146 kB
Progress (2): 256 kB | 150 kB
Progress (2): 256 kB | 155 kB
Progress (2): 256 kB | 159 kB
Progress (2): 256 kB | 163 kB
Progress (2): 256 kB | 167 kB
Progress (2): 256 kB | 171 kB
Progress (2): 256 kB | 175 kB
Progress (2): 256 kB | 179 kB
Progress (2): 256 kB | 183 kB
Progress (2): 256 kB | 187 kB
Progress (2): 256 kB | 191 kB
Progress (2): 256 kB | 195 kB
Progress (2): 256 kB | 200 kB
Progress (2): 256 kB | 204 kB
Progress (2): 256 kB | 208 kB
Progress (2): 256 kB | 212 kB
Progress (2): 256 kB | 216 kB
Progress (2): 256 kB | 220 kB
Progress (2): 256 kB | 224 kB
Progress (2): 256 kB | 228 kB
Progress (2): 256 kB | 232 kB
Progress (2): 256 kB | 236 kB
Progress (2): 256 kB | 240 kB
Progress (2): 256 kB | 245 kB
Progress (2): 256 kB | 249 kB
Progress (2): 256 kB | 253 kB
Progress (2): 256 kB | 257 kB
Progress (2): 256 kB | 261 kB
Progress (2): 256 kB | 265 kB
Progress (2): 256 kB | 269 kB
Progress (2): 256 kB | 273 kB
Progress (2): 256 kB | 277 kB
Progress (2): 256 kB | 281 kB
Progress (2): 256 kB | 286 kB
Progress (2): 256 kB | 290 kB
Progress (2): 256 kB | 294 kB
Progress (2): 256 kB | 298 kB
Progress (2): 256 kB | 302 kB
Progress (2): 256 kB | 306 kB
Progress (2): 256 kB | 310 kB
Progress (2): 256 kB | 314 kB
Progress (2): 256 kB | 318 kB
Progress (2): 256 kB | 322 kB
Progress (3): 256 kB | 322 kB | 2.6 kB
Progress (3): 256 kB | 322 kB | 6.7 kB
Progress (3): 256 kB | 322 kB | 11 kB 
Progress (3): 256 kB | 322 kB | 14 kB
Progress (3): 256 kB | 322 kB | 18 kB
Progress (3): 256 kB | 322 kB | 21 kB
Progress (3): 256 kB | 322 kB | 25 kB
Progress (3): 256 kB | 322 kB | 29 kB
Progress (3): 256 kB | 322 kB | 33 kB
Progress (3): 256 kB | 322 kB | 37 kB
Progress (3): 256 kB | 322 kB | 39 kB
Progress (3): 256 kB | 322 kB | 41 kB
Progress (3): 256 kB | 322 kB | 45 kB
                                     
Downloaded from aiban-tianyin-core: https://aiban-maven.pkg.coding.net/repository/tianyin/core/org/apache/zookeeper/zookeeper-jute/3.9.1/zookeeper-jute-3.9.1.jar (256 kB at 370 kB/s)
Progress (2): 322 kB | 49 kB
                            
Downloading from aiban-tianyin-core: https://aiban-maven.pkg.coding.net/repository/tianyin/core/ch/qos/logback/logback-core/1.4.11/logback-core-1.4.11.jar
Progress (2): 322 kB | 54 kB
Progress (2): 322 kB | 58 kB
Progress (2): 322 kB | 62 kB
Progress (2): 322 kB | 66 kB
Progress (2): 322 kB | 70 kB
Progress (2): 322 kB | 74 kB
Progress (2): 322 kB | 78 kB
Progress (2): 322 kB | 82 kB
Progress (2): 322 kB | 86 kB
Progress (2): 322 kB | 90 kB
Progress (2): 322 kB | 94 kB
Progress (2): 322 kB | 99 kB
Progress (2): 322 kB | 103 kB
Progress (2): 322 kB | 107 kB
Progress (2): 322 kB | 111 kB
Progress (2): 322 kB | 115 kB
Progress (2): 322 kB | 119 kB
Progress (2): 322 kB | 123 kB
Progress (2): 322 kB | 127 kB
Progress (2): 322 kB | 131 kB
Progress (2): 322 kB | 135 kB
Progress (2): 322 kB | 139 kB
Progress (2): 322 kB | 144 kB
Progress (2): 322 kB | 148 kB
Progress (2): 322 kB | 152 kB
Progress (2): 322 kB | 156 kB
Progress (2): 322 kB | 160 kB
Progress (2): 322 kB | 164 kB
Progress (2): 322 kB | 168 kB
Progress (2): 322 kB | 172 kB
Progress (2): 322 kB | 176 kB
Progress (2): 322 kB | 180 kB
Progress (2): 322 kB | 185 kB
Progress (2): 322 kB | 189 kB
Progress (2): 322 kB | 193 kB
Progress (2): 322 kB | 197 kB
Progress (2): 322 kB | 201 kB
Progress (2): 322 kB | 205 kB
Progress (2): 322 kB | 209 kB
Progress (2): 322 kB | 213 kB
Progress (2): 322 kB | 217 kB
Progress (2): 322 kB | 221 kB
Progress (2): 322 kB | 226 kB
Progress (2): 322 kB | 230 kB
Progress (2): 322 kB | 234 kB
Progress (2): 322 kB | 238 kB
Progress (2): 322 kB | 242 kB
Progress (2): 322 kB | 246 kB
Progress (2): 322 kB | 250 kB
Progress (2): 322 kB | 254 kB
Progress (2): 322 kB | 258 kB
Progress (2): 322 kB | 262 kB
Progress (2): 322 kB | 266 kB
Progress (2): 322 kB | 271 kB
Progress (2): 322 kB | 275 kB
Progress (2): 322 kB | 279 kB
Progress (2): 322 kB | 283 kB
Progress (2): 322 kB | 287 kB
Progress (2): 322 kB | 291 kB
Progress (2): 322 kB | 295 kB
Progress (2): 322 kB | 299 kB
Progress (2): 322 kB | 303 kB
Progress (2): 322 kB | 307 kB
Progress (3): 322 kB | 307 kB | 4.0 kB
Progress (3): 322 kB | 312 kB | 4.0 kB
Progress (3): 322 kB | 312 kB | 8.1 kB
Progress (3): 322 kB | 316 kB | 8.1 kB
Progress (3): 322 kB | 316 kB | 11 kB 
Progress (3): 322 kB | 320 kB | 11 kB
Progress (3): 322 kB | 324 kB | 11 kB
Progress (3): 322 kB | 328 kB | 11 kB
Progress (3): 322 kB | 332 kB | 11 kB
Progress (3): 322 kB | 336 kB | 11 kB
Progress (3): 322 kB | 340 kB | 11 kB
Progress (3): 322 kB | 343 kB | 11 kB
                                     
Downloaded from aiban-tianyin-core: https://aiban-maven.pkg.coding.net/repository/tianyin/core/org/apache/curator/curator-recipes/5.7.0/curator-recipes-5.7.0.jar (322 kB at 430 kB/s)
Downloading from aiban-tianyin-core: https://aiban-maven.pkg.coding.net/repository/tianyin/core/com/google/guava/guava/32.0.0-jre/guava-32.0.0-jre.jar
Progress (2): 343 kB | 14 kB
Progress (2): 343 kB | 17 kB
Progress (2): 343 kB | 19 kB
Progress (2): 343 kB | 22 kB
Progress (2): 343 kB | 26 kB
Progress (2): 343 kB | 30 kB
Progress (2): 343 kB | 34 kB
Progress (2): 343 kB | 38 kB
Progress (2): 343 kB | 42 kB
Progress (2): 343 kB | 46 kB
Progress (2): 343 kB | 50 kB
Progress (2): 343 kB | 54 kB
Progress (2): 343 kB | 58 kB
Progress (2): 343 kB | 62 kB
Progress (2): 343 kB | 66 kB
Progress (2): 343 kB | 69 kB
Progress (2): 343 kB | 71 kB
Progress (2): 343 kB | 75 kB
Progress (2): 343 kB | 79 kB
Progress (2): 343 kB | 84 kB
Progress (2): 343 kB | 88 kB
Progress (2): 343 kB | 92 kB
Progress (2): 343 kB | 96 kB
Progress (2): 343 kB | 100 kB
Progress (2): 343 kB | 104 kB
Progress (2): 343 kB | 108 kB
Progress (2): 343 kB | 112 kB
Progress (2): 343 kB | 116 kB
Progress (2): 343 kB | 120 kB
Progress (2): 343 kB | 125 kB
Progress (2): 343 kB | 129 kB
Progress (2): 343 kB | 133 kB
Progress (2): 343 kB | 137 kB
Progress (2): 343 kB | 141 kB
Progress (2): 343 kB | 145 kB
Progress (2): 343 kB | 149 kB
Progress (2): 343 kB | 153 kB
Progress (2): 343 kB | 157 kB
Progress (2): 343 kB | 161 kB
Progress (2): 343 kB | 165 kB
Progress (2): 343 kB | 170 kB
Progress (2): 343 kB | 174 kB
Progress (2): 343 kB | 178 kB
Progress (2): 343 kB | 182 kB
Progress (2): 343 kB | 186 kB
Progress (2): 343 kB | 190 kB
Progress (2): 343 kB | 194 kB
Progress (2): 343 kB | 198 kB
Progress (2): 343 kB | 202 kB
Progress (2): 343 kB | 206 kB
Progress (2): 343 kB | 211 kB
Progress (2): 343 kB | 215 kB
Progress (2): 343 kB | 219 kB
Progress (2): 343 kB | 223 kB
Progress (2): 343 kB | 227 kB
Progress (2): 343 kB | 231 kB
Progress (2): 343 kB | 235 kB
Progress (2): 343 kB | 239 kB
Progress (2): 343 kB | 243 kB
Progress (2): 343 kB | 247 kB
Progress (2): 343 kB | 252 kB
Progress (2): 343 kB | 256 kB
Progress (2): 343 kB | 260 kB
Progress (2): 343 kB | 264 kB
Progress (2): 343 kB | 268 kB
Progress (2): 343 kB | 272 kB
Progress (2): 343 kB | 276 kB
Progress (2): 343 kB | 280 kB
Progress (2): 343 kB | 284 kB
Progress (2): 343 kB | 288 kB
Progress (2): 343 kB | 292 kB
Progress (2): 343 kB | 297 kB
Progress (2): 343 kB | 301 kB
Progress (2): 343 kB | 305 kB
Progress (2): 343 kB | 309 kB
Progress (2): 343 kB | 313 kB
Progress (2): 343 kB | 317 kB
Progress (2): 343 kB | 321 kB
Progress (2): 343 kB | 325 kB
Progress (2): 343 kB | 329 kB
Progress (2): 343 kB | 333 kB
Progress (2): 343 kB | 338 kB
Progress (2): 343 kB | 342 kB
Progress (2): 343 kB | 346 kB
Progress (2): 343 kB | 350 kB
Progress (2): 343 kB | 354 kB
Progress (2): 343 kB | 358 kB
Progress (2): 343 kB | 362 kB
Progress (2): 343 kB | 366 kB
Progress (2): 343 kB | 370 kB
Progress (2): 343 kB | 374 kB
Progress (2): 343 kB | 378 kB
Progress (2): 343 kB | 383 kB
Progress (2): 343 kB | 387 kB
Progress (2): 343 kB | 391 kB
Progress (2): 343 kB | 395 kB
Progress (2): 343 kB | 399 kB
Progress (2): 343 kB | 403 kB
Progress (2): 343 kB | 407 kB
Progress (2): 343 kB | 411 kB
Progress (2): 343 kB | 415 kB
Progress (2): 343 kB | 419 kB
Progress (2): 343 kB | 424 kB
Progress (2): 343 kB | 428 kB
Progress (2): 343 kB | 432 kB
Progress (2): 343 kB | 436 kB
Progress (2): 343 kB | 440 kB
Progress (2): 343 kB | 444 kB
Progress (2): 343 kB | 448 kB
Progress (2): 343 kB | 452 kB
Progress (2): 343 kB | 456 kB
Progress (2): 343 kB | 460 kB
Progress (2): 343 kB | 464 kB
Progress (2): 343 kB | 469 kB
Progress (2): 343 kB | 473 kB
Progress (2): 343 kB | 477 kB
Progress (2): 343 kB | 481 kB
Progress (2): 343 kB | 485 kB
Progress (2): 343 kB | 489 kB
Progress (2): 343 kB | 493 kB
Progress (2): 343 kB | 497 kB
Progress (2): 343 kB | 501 kB
Progress (2): 343 kB | 505 kB
Progress (2): 343 kB | 510 kB
Progress (2): 343 kB | 514 kB
Progress (2): 343 kB | 518 kB
Progress (2): 343 kB | 522 kB
Progress (2): 343 kB | 526 kB
Progress (2): 343 kB | 530 kB
Progress (2): 343 kB | 534 kB
Progress (2): 343 kB | 538 kB
Progress (2): 343 kB | 542 kB
Progress (2): 343 kB | 546 kB
Progress (2): 343 kB | 550 kB
Progress (2): 343 kB | 555 kB
Progress (2): 343 kB | 559 kB
Progress (2): 343 kB | 563 kB
Progress (2): 343 kB | 567 kB
Progress (2): 343 kB | 571 kB
Progress (2): 343 kB | 575 kB
Progress (2): 343 kB | 579 kB
Progress (2): 343 kB | 583 kB
Progress (2): 343 kB | 587 kB
Progress (2): 343 kB | 591 kB
Progress (2): 343 kB | 596 kB
Progress (2): 343 kB | 600 kB
Progress (2): 343 kB | 604 kB
Progress (2): 343 kB | 608 kB
Progress (2): 343 kB | 612 kB
Progress (2): 343 kB | 616 kB
Progress (2): 343 kB | 620 kB
Progress (2): 343 kB | 624 kB
Progress (2): 343 kB | 628 kB
Progress (2): 343 kB | 632 kB
Progress (2): 343 kB | 636 kB
Progress (2): 343 kB | 641 kB
Progress (2): 343 kB | 645 kB
Progress (2): 343 kB | 649 kB
Progress (2): 343 kB | 653 kB
Progress (2): 343 kB | 657 kB
Progress (2): 343 kB | 661 kB
Progress (2): 343 kB | 665 kB
Progress (2): 343 kB | 669 kB
Progress (2): 343 kB | 673 kB
Progress (2): 343 kB | 677 kB
Progress (2): 343 kB | 682 kB
Progress (2): 343 kB | 686 kB
Progress (2): 343 kB | 690 kB
Progress (2): 343 kB | 694 kB
Progress (2): 343 kB | 698 kB
Progress (2): 343 kB | 702 kB
Progress (2): 343 kB | 706 kB
Progress (2): 343 kB | 710 kB
Progress (2): 343 kB | 714 kB
Progress (2): 343 kB | 718 kB
Progress (2): 343 kB | 722 kB
Progress (2): 343 kB | 727 kB
Progress (2): 343 kB | 731 kB
Progress (2): 343 kB | 735 kB
Progress (2): 343 kB | 739 kB
Progress (2): 343 kB | 743 kB
Progress (2): 343 kB | 747 kB
Progress (2): 343 kB | 751 kB
Progress (2): 343 kB | 755 kB
Progress (2): 343 kB | 759 kB
Progress (2): 343 kB | 763 kB
Progress (2): 343 kB | 768 kB
Progress (2): 343 kB | 772 kB
Progress (2): 343 kB | 776 kB
Progress (2): 343 kB | 780 kB
Progress (2): 343 kB | 784 kB
Progress (2): 343 kB | 788 kB
Progress (2): 343 kB | 792 kB
Progress (2): 343 kB | 796 kB
Progress (2): 343 kB | 800 kB
Progress (2): 343 kB | 804 kB
Progress (2): 343 kB | 808 kB
Progress (2): 343 kB | 813 kB
Progress (2): 343 kB | 817 kB
Progress (2): 343 kB | 821 kB
Progress (2): 343 kB | 825 kB
Progress (2): 343 kB | 829 kB
Progress (2): 343 kB | 833 kB
Progress (2): 343 kB | 837 kB
Progress (2): 343 kB | 841 kB
Progress (2): 343 kB | 845 kB
Progress (2): 343 kB | 849 kB
Progress (2): 343 kB | 854 kB
Progress (2): 343 kB | 858 kB
Progress (2): 343 kB | 862 kB
Progress (2): 343 kB | 866 kB
Progress (2): 343 kB | 870 kB
Progress (2): 343 kB | 874 kB
Progress (2): 343 kB | 878 kB
Progress (2): 343 kB | 882 kB
Progress (2): 343 kB | 886 kB
Progress (2): 343 kB | 890 kB
Progress (2): 343 kB | 894 kB
Progress (2): 343 kB | 899 kB
Progress (2): 343 kB | 903 kB
Progress (2): 343 kB | 907 kB
Progress (2): 343 kB | 911 kB
Progress (2): 343 kB | 915 kB
Progress (2): 343 kB | 919 kB
Progress (2): 343 kB | 923 kB
Progress (2): 343 kB | 927 kB
Progress (2): 343 kB | 931 kB
Progress (2): 343 kB | 935 kB
Progress (2): 343 kB | 940 kB
Progress (2): 343 kB | 944 kB
Progress (2): 343 kB | 948 kB
Progress (2): 343 kB | 952 kB
Progress (2): 343 kB | 956 kB
Progress (2): 343 kB | 960 kB
Progress (2): 343 kB | 964 kB
Progress (2): 343 kB | 968 kB
Progress (2): 343 kB | 972 kB
Progress (2): 343 kB | 976 kB
Progress (2): 343 kB | 980 kB
Progress (2): 343 kB | 984 kB
Progress (2): 343 kB | 988 kB
Progress (2): 343 kB | 992 kB
Progress (2): 343 kB | 996 kB
Progress (2): 343 kB | 999 kB
Progress (2): 343 kB | 1.0 MB
Progress (2): 343 kB | 1.0 MB
Progress (2): 343 kB | 1.0 MB
Progress (2): 343 kB | 1.0 MB
Progress (2): 343 kB | 1.0 MB
Progress (2): 343 kB | 1.0 MB
Progress (2): 343 kB | 1.0 MB
Progress (2): 343 kB | 1.0 MB
Progress (2): 343 kB | 1.0 MB
Progress (2): 343 kB | 1.0 MB
Progress (2): 343 kB | 1.0 MB
Progress (2): 343 kB | 1.0 MB
Progress (2): 343 kB | 1.0 MB
Progress (2): 343 kB | 1.1 MB
Progress (2): 343 kB | 1.1 MB
Progress (2): 343 kB | 1.1 MB
Progress (2): 343 kB | 1.1 MB
Progress (2): 343 kB | 1.1 MB
Progress (2): 343 kB | 1.1 MB
Progress (2): 343 kB | 1.1 MB
Progress (2): 343 kB | 1.1 MB
Progress (2): 343 kB | 1.1 MB
Progress (2): 343 kB | 1.1 MB
Progress (2): 343 kB | 1.1 MB
Progress (2): 343 kB | 1.1 MB
Progress (2): 343 kB | 1.1 MB
Progress (2): 343 kB | 1.1 MB
Progress (2): 343 kB | 1.1 MB
Progress (2): 343 kB | 1.1 MB
Progress (2): 343 kB | 1.1 MB
Progress (2): 343 kB | 1.1 MB
Progress (2): 343 kB | 1.1 MB
Progress (2): 343 kB | 1.1 MB
Progress (2): 343 kB | 1.1 MB
Progress (2): 343 kB | 1.1 MB
Progress (2): 343 kB | 1.1 MB
Progress (2): 343 kB | 1.1 MB
Progress (2): 343 kB | 1.1 MB
Progress (2): 343 kB | 1.2 MB
Progress (2): 343 kB | 1.2 MB
Progress (2): 343 kB | 1.2 MB
Progress (2): 343 kB | 1.2 MB
Progress (2): 343 kB | 1.2 MB
Progress (2): 343 kB | 1.2 MB
Progress (2): 343 kB | 1.2 MB
Progress (2): 343 kB | 1.2 MB
Progress (2): 343 kB | 1.2 MB
Progress (2): 343 kB | 1.2 MB
Progress (2): 343 kB | 1.2 MB
Progress (2): 343 kB | 1.2 MB
Progress (2): 343 kB | 1.2 MB
Progress (2): 343 kB | 1.2 MB
                             
Downloaded from aiban-tianyin-core: https://aiban-maven.pkg.coding.net/repository/tianyin/core/ch/qos/logback/logback-core/1.4.11/logback-core-1.4.11.jar (0 B at 0 B/s)
Progress (2): 343 kB | 1.2 MB
                             
Downloading from aiban-tianyin-core: https://aiban-maven.pkg.coding.net/repository/tianyin/core/org/checkerframework/checker-qual/3.33.0/checker-qual-3.33.0.jar
Progress (2): 343 kB | 1.2 MB
Progress (2): 343 kB | 1.2 MB
Progress (2): 343 kB | 1.2 MB
Progress (2): 343 kB | 1.2 MB
Progress (2): 343 kB | 1.2 MB
Progress (2): 343 kB | 1.2 MB
Progress (2): 343 kB | 1.2 MB
Progress (2): 343 kB | 1.2 MB
Progress (2): 343 kB | 1.2 MB
Progress (2): 343 kB | 1.2 MB
Progress (2): 343 kB | 1.3 MB
Progress (2): 343 kB | 1.3 MB
Progress (2): 343 kB | 1.3 MB
Progress (2): 343 kB | 1.3 MB
Progress (2): 343 kB | 1.3 MB
Progress (2): 343 kB | 1.3 MB
Progress (2): 343 kB | 1.3 MB
Progress (2): 343 kB | 1.3 MB
Progress (2): 343 kB | 1.3 MB
Progress (2): 343 kB | 1.3 MB
Progress (2): 343 kB | 1.3 MB
Progress (2): 343 kB | 1.3 MB
Progress (2): 343 kB | 1.3 MB
Progress (2): 343 kB | 1.3 MB
Progress (2): 343 kB | 1.3 MB
Progress (2): 343 kB | 1.3 MB
Progress (2): 343 kB | 1.3 MB
Progress (2): 343 kB | 1.3 MB
Progress (2): 343 kB | 1.3 MB
Progress (2): 343 kB | 1.3 MB
Progress (2): 343 kB | 1.3 MB
Progress (2): 343 kB | 1.3 MB
Progress (2): 343 kB | 1.3 MB
Progress (2): 343 kB | 1.3 MB
Progress (2): 343 kB | 1.3 MB
Progress (2): 343 kB | 1.3 MB
Progress (2): 343 kB | 1.3 MB
Progress (2): 343 kB | 1.4 MB
                             
Downloaded from aiban-tianyin-core: https://aiban-maven.pkg.coding.net/repository/tianyin/core/org/apache/curator/curator-framework/5.7.0/curator-framework-5.7.0.jar (343 kB at 373 kB/s)
Downloading from aiban-tianyin-core: https://aiban-maven.pkg.coding.net/repository/tianyin/core/com/google/j2objc/j2objc-annotations/2.8/j2objc-annotations-2.8.jar
Progress (2): 1.4 MB | 4.0 kB
Progress (2): 1.4 MB | 8.1 kB
Progress (2): 1.4 MB | 11 kB 
Progress (2): 1.4 MB | 14 kB
Progress (2): 1.4 MB | 18 kB
Progress (2): 1.4 MB | 21 kB
Progress (2): 1.4 MB | 25 kB
Progress (2): 1.4 MB | 29 kB
Progress (2): 1.4 MB | 33 kB
Progress (2): 1.4 MB | 36 kB
Progress (2): 1.4 MB | 41 kB
Progress (2): 1.4 MB | 45 kB
Progress (2): 1.4 MB | 49 kB
Progress (2): 1.4 MB | 53 kB
Progress (2): 1.4 MB | 57 kB
Progress (2): 1.4 MB | 60 kB
Progress (2): 1.4 MB | 64 kB
Progress (2): 1.4 MB | 68 kB
Progress (2): 1.4 MB | 72 kB
Progress (2): 1.4 MB | 77 kB
Progress (2): 1.4 MB | 81 kB
Progress (2): 1.4 MB | 85 kB
Progress (2): 1.4 MB | 89 kB
Progress (2): 1.4 MB | 93 kB
Progress (2): 1.4 MB | 97 kB
Progress (2): 1.4 MB | 101 kB
Progress (2): 1.4 MB | 105 kB
Progress (2): 1.4 MB | 109 kB
Progress (2): 1.4 MB | 113 kB
Progress (2): 1.4 MB | 118 kB
Progress (2): 1.4 MB | 122 kB
Progress (2): 1.4 MB | 126 kB
Progress (2): 1.4 MB | 130 kB
Progress (2): 1.4 MB | 134 kB
Progress (2): 1.4 MB | 138 kB
Progress (2): 1.4 MB | 142 kB
Progress (2): 1.4 MB | 146 kB
Progress (2): 1.4 MB | 150 kB
Progress (2): 1.4 MB | 154 kB
Progress (2): 1.4 MB | 158 kB
Progress (2): 1.4 MB | 163 kB
Progress (2): 1.4 MB | 167 kB
Progress (2): 1.4 MB | 171 kB
Progress (2): 1.4 MB | 175 kB
Progress (2): 1.4 MB | 179 kB
Progress (2): 1.4 MB | 183 kB
Progress (2): 1.4 MB | 187 kB
Progress (2): 1.4 MB | 191 kB
Progress (2): 1.4 MB | 195 kB
Progress (2): 1.4 MB | 199 kB
Progress (2): 1.4 MB | 204 kB
Progress (2): 1.4 MB | 208 kB
Progress (2): 1.4 MB | 212 kB
Progress (2): 1.4 MB | 216 kB
Progress (2): 1.4 MB | 220 kB
Progress (2): 1.4 MB | 224 kB
Progress (2): 1.4 MB | 228 kB
Progress (2): 1.4 MB | 232 kB
Progress (2): 1.4 MB | 236 kB
Progress (2): 1.4 MB | 240 kB
Progress (2): 1.4 MB | 245 kB
Progress (2): 1.4 MB | 249 kB
Progress (2): 1.4 MB | 253 kB
Progress (2): 1.4 MB | 257 kB
Progress (2): 1.4 MB | 261 kB
Progress (2): 1.4 MB | 265 kB
Progress (2): 1.4 MB | 269 kB
Progress (2): 1.4 MB | 273 kB
Progress (2): 1.4 MB | 277 kB
Progress (2): 1.4 MB | 281 kB
Progress (2): 1.4 MB | 285 kB
Progress (2): 1.4 MB | 290 kB
Progress (2): 1.4 MB | 294 kB
Progress (2): 1.4 MB | 298 kB
Progress (2): 1.4 MB | 302 kB
Progress (2): 1.4 MB | 306 kB
Progress (2): 1.4 MB | 310 kB
Progress (2): 1.4 MB | 314 kB
Progress (2): 1.4 MB | 318 kB
Progress (2): 1.4 MB | 322 kB
Progress (2): 1.4 MB | 326 kB
Progress (2): 1.4 MB | 331 kB
Progress (2): 1.4 MB | 335 kB
Progress (2): 1.4 MB | 339 kB
Progress (2): 1.4 MB | 343 kB
Progress (2): 1.4 MB | 347 kB
Progress (2): 1.4 MB | 351 kB
Progress (2): 1.4 MB | 355 kB
Progress (2): 1.4 MB | 359 kB
Progress (2): 1.4 MB | 363 kB
Progress (2): 1.4 MB | 367 kB
Progress (2): 1.4 MB | 371 kB
Progress (2): 1.4 MB | 376 kB
Progress (2): 1.4 MB | 380 kB
Progress (2): 1.4 MB | 384 kB
Progress (2): 1.4 MB | 388 kB
Progress (2): 1.4 MB | 392 kB
Progress (2): 1.4 MB | 396 kB
Progress (2): 1.4 MB | 400 kB
Progress (2): 1.4 MB | 404 kB
Progress (2): 1.4 MB | 408 kB
Progress (2): 1.4 MB | 412 kB
                             
Downloaded from aiban-tianyin-core: https://aiban-maven.pkg.coding.net/repository/tianyin/core/org/checkerframework/checker-qual/3.33.0/checker-qual-3.33.0.jar (0 B at 0 B/s)
Progress (2): 1.4 MB | 417 kB
Progress (2): 1.4 MB | 421 kB
Progress (2): 1.4 MB | 425 kB
Progress (2): 1.4 MB | 429 kB
Progress (2): 1.4 MB | 433 kB
Progress (2): 1.4 MB | 437 kB
Progress (2): 1.4 MB | 441 kB
Progress (2): 1.4 MB | 445 kB
Progress (2): 1.4 MB | 449 kB
Progress (2): 1.4 MB | 453 kB
Progress (2): 1.4 MB | 457 kB
Progress (2): 1.4 MB | 462 kB
Progress (2): 1.4 MB | 466 kB
Progress (2): 1.4 MB | 470 kB
Progress (2): 1.4 MB | 474 kB
Progress (2): 1.4 MB | 478 kB
Progress (2): 1.4 MB | 482 kB
Progress (2): 1.4 MB | 486 kB
Progress (2): 1.4 MB | 490 kB
Progress (2): 1.4 MB | 494 kB
Progress (2): 1.4 MB | 498 kB
Progress (2): 1.4 MB | 503 kB
Progress (2): 1.4 MB | 507 kB
Progress (2): 1.4 MB | 511 kB
Progress (2): 1.4 MB | 515 kB
Progress (2): 1.4 MB | 519 kB
Progress (2): 1.4 MB | 523 kB
Progress (2): 1.4 MB | 527 kB
Progress (2): 1.4 MB | 531 kB
Progress (2): 1.4 MB | 535 kB
Progress (2): 1.4 MB | 539 kB
Progress (2): 1.4 MB | 544 kB
Progress (2): 1.4 MB | 548 kB
Progress (2): 1.4 MB | 552 kB
Progress (2): 1.4 MB | 556 kB
Progress (2): 1.4 MB | 560 kB
Progress (2): 1.4 MB | 564 kB
Progress (2): 1.4 MB | 568 kB
Progress (2): 1.4 MB | 572 kB
Progress (2): 1.4 MB | 576 kB
Progress (2): 1.4 MB | 580 kB
Progress (2): 1.4 MB | 584 kB
Progress (2): 1.4 MB | 589 kB
Progress (2): 1.4 MB | 593 kB
Progress (2): 1.4 MB | 597 kB
Progress (2): 1.4 MB | 601 kB
Progress (2): 1.4 MB | 605 kB
Progress (2): 1.4 MB | 609 kB
Progress (2): 1.4 MB | 613 kB
Progress (2): 1.4 MB | 617 kB
Progress (3): 1.4 MB | 617 kB | 2.6 kB
Progress (3): 1.4 MB | 621 kB | 2.6 kB
Progress (3): 1.4 MB | 621 kB | 6.7 kB
Progress (3): 1.4 MB | 621 kB | 11 kB 
Progress (3): 1.4 MB | 625 kB | 11 kB
Progress (3): 1.4 MB | 630 kB | 11 kB
Progress (3): 1.4 MB | 634 kB | 11 kB
Progress (3): 1.4 MB | 638 kB | 11 kB
Progress (3): 1.4 MB | 642 kB | 11 kB
Progress (3): 1.4 MB | 646 kB | 11 kB
Progress (3): 1.4 MB | 650 kB | 11 kB
Progress (3): 1.4 MB | 654 kB | 11 kB
Progress (3): 1.4 MB | 654 kB | 14 kB
Progress (3): 1.4 MB | 658 kB | 14 kB
Progress (3): 1.4 MB | 658 kB | 18 kB
Progress (3): 1.4 MB | 662 kB | 18 kB
Progress (3): 1.4 MB | 662 kB | 22 kB
Progress (3): 1.4 MB | 666 kB | 22 kB
Progress (3): 1.4 MB | 666 kB | 25 kB
Progress (3): 1.4 MB | 670 kB | 25 kB
Progress (3): 1.4 MB | 675 kB | 25 kB
Progress (3): 1.4 MB | 679 kB | 25 kB
Progress (3): 1.4 MB | 683 kB | 25 kB
Progress (3): 1.4 MB | 687 kB | 25 kB
Progress (3): 1.4 MB | 687 kB | 29 kB
Progress (3): 1.4 MB | 691 kB | 29 kB
Progress (3): 1.4 MB | 691 kB | 33 kB
Progress (3): 1.4 MB | 695 kB | 33 kB
Progress (3): 1.4 MB | 695 kB | 37 kB
Progress (3): 1.4 MB | 699 kB | 37 kB
Progress (3): 1.4 MB | 703 kB | 37 kB
Progress (3): 1.4 MB | 707 kB | 37 kB
Progress (3): 1.4 MB | 711 kB | 37 kB
Progress (3): 1.4 MB | 716 kB | 37 kB
Progress (3): 1.4 MB | 720 kB | 37 kB
Progress (3): 1.4 MB | 724 kB | 37 kB
Progress (3): 1.4 MB | 728 kB | 37 kB
Progress (3): 1.4 MB | 732 kB | 37 kB
Progress (3): 1.4 MB | 736 kB | 37 kB
Progress (3): 1.4 MB | 740 kB | 37 kB
Progress (3): 1.4 MB | 744 kB | 37 kB
Progress (3): 1.4 MB | 748 kB | 37 kB
Progress (3): 1.4 MB | 752 kB | 37 kB
Progress (3): 1.4 MB | 757 kB | 37 kB
Progress (3): 1.4 MB | 757 kB | 41 kB
Progress (3): 1.4 MB | 761 kB | 41 kB
Progress (3): 1.4 MB | 761 kB | 45 kB
Progress (3): 1.4 MB | 761 kB | 49 kB
Progress (3): 1.4 MB | 761 kB | 53 kB
Progress (3): 1.4 MB | 761 kB | 57 kB
Progress (3): 1.4 MB | 761 kB | 61 kB
Progress (3): 1.4 MB | 761 kB | 63 kB
Progress (3): 1.4 MB | 761 kB | 68 kB
Progress (3): 1.4 MB | 761 kB | 71 kB
Progress (3): 1.4 MB | 761 kB | 74 kB
Progress (3): 1.4 MB | 761 kB | 78 kB
Progress (3): 1.4 MB | 761 kB | 82 kB
Progress (3): 1.4 MB | 765 kB | 82 kB
Progress (3): 1.4 MB | 765 kB | 86 kB
Progress (3): 1.4 MB | 769 kB | 86 kB
Progress (3): 1.4 MB | 769 kB | 90 kB
Progress (3): 1.4 MB | 773 kB | 90 kB
Progress (3): 1.4 MB | 777 kB | 90 kB
Progress (3): 1.4 MB | 781 kB | 90 kB
Progress (3): 1.4 MB | 785 kB | 90 kB
Progress (3): 1.4 MB | 789 kB | 90 kB
Progress (3): 1.4 MB | 793 kB | 90 kB
Progress (3): 1.4 MB | 797 kB | 90 kB
Progress (3): 1.4 MB | 802 kB | 90 kB
Progress (3): 1.4 MB | 806 kB | 90 kB
Progress (3): 1.4 MB | 806 kB | 92 kB
Progress (3): 1.4 MB | 810 kB | 92 kB
Progress (3): 1.4 MB | 810 kB | 97 kB
Progress (3): 1.4 MB | 814 kB | 97 kB
Progress (3): 1.4 MB | 814 kB | 101 kB
Progress (3): 1.4 MB | 818 kB | 101 kB
Progress (3): 1.4 MB | 822 kB | 101 kB
Progress (3): 1.4 MB | 826 kB | 101 kB
Progress (3): 1.4 MB | 830 kB | 101 kB
Progress (3): 1.4 MB | 834 kB | 101 kB
Progress (3): 1.4 MB | 838 kB | 101 kB
Progress (3): 1.4 MB | 838 kB | 103 kB
Progress (3): 1.4 MB | 838 kB | 106 kB
Progress (3): 1.4 MB | 838 kB | 110 kB
Progress (3): 1.4 MB | 838 kB | 114 kB
Progress (3): 1.4 MB | 838 kB | 118 kB
Progress (3): 1.4 MB | 838 kB | 121 kB
Progress (3): 1.4 MB | 843 kB | 121 kB
Progress (3): 1.4 MB | 843 kB | 125 kB
Progress (3): 1.4 MB | 843 kB | 128 kB
Progress (3): 1.4 MB | 843 kB | 131 kB
Progress (3): 1.4 MB | 847 kB | 131 kB
Progress (3): 1.4 MB | 851 kB | 131 kB
Progress (3): 1.4 MB | 855 kB | 131 kB
Progress (3): 1.4 MB | 859 kB | 131 kB
Progress (3): 1.4 MB | 863 kB | 131 kB
Progress (3): 1.4 MB | 867 kB | 131 kB
Progress (3): 1.4 MB | 871 kB | 131 kB
Progress (3): 1.4 MB | 871 kB | 134 kB
Progress (3): 1.4 MB | 875 kB | 134 kB
Progress (3): 1.4 MB | 879 kB | 134 kB
Progress (3): 1.4 MB | 883 kB | 134 kB
Progress (3): 1.4 MB | 888 kB | 134 kB
                                      
Downloaded from aiban-tianyin-core: https://aiban-maven.pkg.coding.net/repository/tianyin/core/com/google/j2objc/j2objc-annotations/2.8/j2objc-annotations-2.8.jar (0 B at 0 B/s)
Progress (3): 1.4 MB | 892 kB | 134 kB
Progress (3): 1.4 MB | 896 kB | 134 kB
Progress (3): 1.4 MB | 900 kB | 134 kB
Progress (3): 1.4 MB | 904 kB | 134 kB
Progress (3): 1.4 MB | 908 kB | 134 kB
Progress (3): 1.4 MB | 912 kB | 134 kB
Progress (3): 1.4 MB | 916 kB | 134 kB
Progress (3): 1.4 MB | 920 kB | 134 kB
Progress (3): 1.4 MB | 924 kB | 134 kB
Progress (3): 1.4 MB | 929 kB | 134 kB
Progress (3): 1.4 MB | 933 kB | 134 kB
Progress (3): 1.4 MB | 937 kB | 134 kB
Progress (3): 1.4 MB | 941 kB | 134 kB
Progress (3): 1.4 MB | 945 kB | 134 kB
Progress (3): 1.4 MB | 949 kB | 134 kB
Progress (3): 1.4 MB | 953 kB | 134 kB
Progress (3): 1.4 MB | 957 kB | 134 kB
Progress (3): 1.4 MB | 961 kB | 134 kB
Progress (3): 1.4 MB | 965 kB | 134 kB
Progress (3): 1.4 MB | 969 kB | 134 kB
Progress (3): 1.4 MB | 974 kB | 134 kB
Progress (3): 1.4 MB | 978 kB | 134 kB
Progress (3): 1.4 MB | 982 kB | 134 kB
Progress (3): 1.4 MB | 986 kB | 134 kB
Progress (3): 1.4 MB | 990 kB | 134 kB
Progress (3): 1.4 MB | 994 kB | 134 kB
Progress (3): 1.4 MB | 998 kB | 134 kB
Progress (3): 1.4 MB | 1.0 MB | 134 kB
Progress (3): 1.4 MB | 1.0 MB | 134 kB
Progress (3): 1.4 MB | 1.0 MB | 134 kB
Progress (3): 1.4 MB | 1.0 MB | 134 kB
Progress (3): 1.4 MB | 1.0 MB | 134 kB
Progress (3): 1.4 MB | 1.0 MB | 134 kB
Progress (3): 1.4 MB | 1.0 MB | 134 kB
Progress (3): 1.4 MB | 1.0 MB | 134 kB
Progress (3): 1.4 MB | 1.0 MB | 134 kB
Progress (3): 1.4 MB | 1.0 MB | 134 kB
Progress (3): 1.4 MB | 1.0 MB | 134 kB
Progress (3): 1.4 MB | 1.0 MB | 134 kB
Progress (3): 1.4 MB | 1.1 MB | 134 kB
Progress (3): 1.4 MB | 1.1 MB | 134 kB
Progress (3): 1.4 MB | 1.1 MB | 134 kB
Progress (3): 1.4 MB | 1.1 MB | 134 kB
Progress (3): 1.4 MB | 1.1 MB | 134 kB
Progress (3): 1.4 MB | 1.1 MB | 134 kB
Progress (3): 1.4 MB | 1.1 MB | 134 kB
Progress (3): 1.4 MB | 1.1 MB | 134 kB
Progress (3): 1.4 MB | 1.1 MB | 134 kB
Progress (3): 1.4 MB | 1.1 MB | 134 kB
Progress (3): 1.4 MB | 1.1 MB | 134 kB
Progress (3): 1.4 MB | 1.1 MB | 134 kB
Progress (3): 1.4 MB | 1.1 MB | 134 kB
Progress (3): 1.4 MB | 1.1 MB | 134 kB
Progress (3): 1.4 MB | 1.1 MB | 134 kB
Progress (3): 1.4 MB | 1.1 MB | 134 kB
Progress (3): 1.4 MB | 1.1 MB | 134 kB
Progress (3): 1.4 MB | 1.1 MB | 134 kB
Progress (3): 1.4 MB | 1.1 MB | 134 kB
Progress (3): 1.4 MB | 1.1 MB | 134 kB
Progress (3): 1.4 MB | 1.1 MB | 134 kB
Progress (3): 1.4 MB | 1.1 MB | 134 kB
Progress (3): 1.4 MB | 1.1 MB | 134 kB
Progress (3): 1.4 MB | 1.1 MB | 134 kB
Progress (3): 1.4 MB | 1.1 MB | 134 kB
Progress (3): 1.4 MB | 1.1 MB | 134 kB
Progress (3): 1.4 MB | 1.2 MB | 134 kB
Progress (3): 1.4 MB | 1.2 MB | 134 kB
Progress (3): 1.4 MB | 1.2 MB | 134 kB
Progress (3): 1.4 MB | 1.2 MB | 134 kB
Progress (3): 1.4 MB | 1.2 MB | 134 kB
Progress (3): 1.4 MB | 1.2 MB | 134 kB
Progress (3): 1.4 MB | 1.2 MB | 134 kB
Progress (3): 1.4 MB | 1.2 MB | 134 kB
Progress (3): 1.4 MB | 1.2 MB | 134 kB
Progress (3): 1.4 MB | 1.2 MB | 134 kB
Progress (3): 1.4 MB | 1.2 MB | 134 kB
Progress (3): 1.4 MB | 1.2 MB | 134 kB
Progress (3): 1.4 MB | 1.2 MB | 134 kB
Progress (3): 1.4 MB | 1.2 MB | 134 kB
Progress (3): 1.4 MB | 1.2 MB | 134 kB
Progress (3): 1.4 MB | 1.2 MB | 134 kB
Progress (3): 1.4 MB | 1.2 MB | 134 kB
Progress (3): 1.4 MB | 1.2 MB | 134 kB
Progress (3): 1.4 MB | 1.2 MB | 134 kB
Progress (3): 1.4 MB | 1.2 MB | 134 kB
Progress (3): 1.4 MB | 1.2 MB | 134 kB
Progress (3): 1.4 MB | 1.2 MB | 134 kB
Progress (3): 1.4 MB | 1.2 MB | 134 kB
Progress (3): 1.4 MB | 1.2 MB | 134 kB
Progress (3): 1.4 MB | 1.2 MB | 134 kB
Progress (3): 1.4 MB | 1.3 MB | 134 kB
Progress (3): 1.4 MB | 1.3 MB | 134 kB
Progress (3): 1.4 MB | 1.3 MB | 134 kB
Progress (3): 1.4 MB | 1.3 MB | 134 kB
Progress (3): 1.4 MB | 1.3 MB | 134 kB
Progress (3): 1.4 MB | 1.3 MB | 134 kB
Progress (3): 1.4 MB | 1.3 MB | 134 kB
Progress (3): 1.4 MB | 1.3 MB | 134 kB
Progress (3): 1.4 MB | 1.3 MB | 134 kB
Progress (3): 1.4 MB | 1.3 MB | 134 kB
Progress (3): 1.4 MB | 1.3 MB | 134 kB
Progress (3): 1.4 MB | 1.3 MB | 138 kB
Progress (3): 1.4 MB | 1.3 MB | 138 kB
Progress (3): 1.4 MB | 1.3 MB | 143 kB
Progress (3): 1.4 MB | 1.3 MB | 147 kB
Progress (3): 1.4 MB | 1.3 MB | 147 kB
Progress (3): 1.4 MB | 1.3 MB | 150 kB
Progress (3): 1.4 MB | 1.3 MB | 150 kB
Progress (3): 1.4 MB | 1.3 MB | 150 kB
Progress (3): 1.4 MB | 1.3 MB | 150 kB
Progress (3): 1.4 MB | 1.3 MB | 153 kB
Progress (3): 1.4 MB | 1.3 MB | 153 kB
Progress (3): 1.4 MB | 1.3 MB | 156 kB
Progress (3): 1.4 MB | 1.3 MB | 159 kB
Progress (3): 1.4 MB | 1.3 MB | 161 kB
Progress (3): 1.4 MB | 1.3 MB | 164 kB
Progress (3): 1.4 MB | 1.3 MB | 167 kB
Progress (3): 1.4 MB | 1.3 MB | 171 kB
Progress (3): 1.4 MB | 1.3 MB | 171 kB
Progress (3): 1.4 MB | 1.3 MB | 175 kB
Progress (3): 1.4 MB | 1.3 MB | 175 kB
Progress (3): 1.4 MB | 1.3 MB | 178 kB
Progress (3): 1.4 MB | 1.3 MB | 178 kB
Progress (3): 1.4 MB | 1.3 MB | 181 kB
Progress (3): 1.4 MB | 1.3 MB | 181 kB
Progress (3): 1.4 MB | 1.3 MB | 181 kB
Progress (3): 1.4 MB | 1.3 MB | 181 kB
Progress (3): 1.4 MB | 1.3 MB | 184 kB
Progress (3): 1.4 MB | 1.3 MB | 184 kB
Progress (3): 1.4 MB | 1.3 MB | 186 kB
Progress (3): 1.4 MB | 1.3 MB | 186 kB
Progress (3): 1.4 MB | 1.3 MB | 191 kB
Progress (3): 1.4 MB | 1.3 MB | 191 kB
Progress (3): 1.4 MB | 1.3 MB | 194 kB
Progress (3): 1.4 MB | 1.3 MB | 194 kB
Progress (3): 1.4 MB | 1.4 MB | 194 kB
Progress (3): 1.4 MB | 1.4 MB | 196 kB
Progress (3): 1.4 MB | 1.4 MB | 196 kB
Progress (3): 1.4 MB | 1.4 MB | 199 kB
Progress (3): 1.4 MB | 1.4 MB | 199 kB
Progress (3): 1.4 MB | 1.4 MB | 199 kB
Progress (3): 1.4 MB | 1.4 MB | 199 kB
Progress (3): 1.4 MB | 1.4 MB | 199 kB
Progress (3): 1.4 MB | 1.4 MB | 202 kB
Progress (3): 1.4 MB | 1.4 MB | 202 kB
Progress (3): 1.4 MB | 1.4 MB | 206 kB
Progress (3): 1.4 MB | 1.4 MB | 206 kB
Progress (3): 1.4 MB | 1.4 MB | 210 kB
Progress (3): 1.4 MB | 1.4 MB | 210 kB
Progress (3): 1.4 MB | 1.4 MB | 214 kB
Progress (3): 1.4 MB | 1.4 MB | 217 kB
Progress (3): 1.4 MB | 1.4 MB | 221 kB
Progress (3): 1.4 MB | 1.4 MB | 221 kB
Progress (3): 1.4 MB | 1.4 MB | 225 kB
Progress (3): 1.4 MB | 1.4 MB | 225 kB
Progress (3): 1.4 MB | 1.4 MB | 228 kB
Progress (3): 1.4 MB | 1.4 MB | 228 kB
Progress (3): 1.4 MB | 1.4 MB | 231 kB
Progress (3): 1.4 MB | 1.4 MB | 231 kB
Progress (3): 1.4 MB | 1.4 MB | 231 kB
Progress (3): 1.4 MB | 1.4 MB | 231 kB
Progress (3): 1.4 MB | 1.4 MB | 231 kB
Progress (3): 1.4 MB | 1.4 MB | 231 kB
Progress (3): 1.4 MB | 1.4 MB | 231 kB
Progress (3): 1.4 MB | 1.4 MB | 231 kB
Progress (3): 1.4 MB | 1.4 MB | 231 kB
Progress (3): 1.4 MB | 1.4 MB | 234 kB
Progress (3): 1.4 MB | 1.4 MB | 238 kB
Progress (3): 1.4 MB | 1.4 MB | 242 kB
Progress (3): 1.4 MB | 1.4 MB | 246 kB
Progress (3): 1.4 MB | 1.4 MB | 251 kB
Progress (3): 1.4 MB | 1.4 MB | 255 kB
Progress (3): 1.4 MB | 1.4 MB | 259 kB
Progress (3): 1.4 MB | 1.4 MB | 263 kB
Progress (3): 1.4 MB | 1.4 MB | 267 kB
Progress (3): 1.4 MB | 1.4 MB | 269 kB
Progress (3): 1.4 MB | 1.4 MB | 271 kB
Progress (3): 1.4 MB | 1.4 MB | 275 kB
Progress (3): 1.4 MB | 1.4 MB | 279 kB
Progress (3): 1.4 MB | 1.4 MB | 283 kB
Progress (3): 1.4 MB | 1.4 MB | 288 kB
Progress (3): 1.4 MB | 1.4 MB | 292 kB
Progress (3): 1.4 MB | 1.4 MB | 296 kB
Progress (3): 1.4 MB | 1.4 MB | 300 kB
Progress (3): 1.4 MB | 1.4 MB | 304 kB
Progress (3): 1.4 MB | 1.4 MB | 308 kB
Progress (3): 1.4 MB | 1.4 MB | 312 kB
Progress (3): 1.4 MB | 1.4 MB | 316 kB
Progress (3): 1.4 MB | 1.4 MB | 320 kB
Progress (3): 1.4 MB | 1.4 MB | 320 kB
Progress (3): 1.4 MB | 1.4 MB | 324 kB
Progress (3): 1.4 MB | 1.4 MB | 324 kB
Progress (3): 1.4 MB | 1.4 MB | 328 kB
Progress (3): 1.4 MB | 1.4 MB | 333 kB
Progress (3): 1.4 MB | 1.4 MB | 337 kB
Progress (3): 1.4 MB | 1.4 MB | 341 kB
Progress (3): 1.4 MB | 1.4 MB | 345 kB
Progress (3): 1.4 MB | 1.4 MB | 345 kB
Progress (3): 1.4 MB | 1.4 MB | 345 kB
Progress (3): 1.4 MB | 1.4 MB | 345 kB
Progress (3): 1.4 MB | 1.5 MB | 345 kB
Progress (3): 1.4 MB | 1.5 MB | 349 kB
Progress (3): 1.4 MB | 1.5 MB | 349 kB
Progress (3): 1.4 MB | 1.5 MB | 353 kB
Progress (3): 1.4 MB | 1.5 MB | 353 kB
Progress (3): 1.4 MB | 1.5 MB | 357 kB
Progress (3): 1.4 MB | 1.5 MB | 357 kB
Progress (3): 1.4 MB | 1.5 MB | 357 kB
Progress (3): 1.4 MB | 1.5 MB | 357 kB
                                      
Downloaded from aiban-tianyin-core: https://aiban-maven.pkg.coding.net/repository/tianyin/core/org/apache/zookeeper/zookeeper/3.9.1/zookeeper-3.9.1.jar (1.4 MB at 1.1 MB/s)
Progress (2): 1.5 MB | 361 kB
Progress (2): 1.5 MB | 361 kB
Progress (2): 1.5 MB | 361 kB
Progress (2): 1.5 MB | 361 kB
Progress (2): 1.5 MB | 361 kB
Progress (2): 1.5 MB | 361 kB
Progress (2): 1.5 MB | 361 kB
Progress (2): 1.5 MB | 365 kB
Progress (2): 1.5 MB | 369 kB
Progress (2): 1.5 MB | 373 kB
Progress (2): 1.5 MB | 378 kB
Progress (2): 1.5 MB | 382 kB
Progress (2): 1.5 MB | 386 kB
Progress (2): 1.5 MB | 390 kB
Progress (2): 1.5 MB | 394 kB
Progress (2): 1.5 MB | 398 kB
Progress (2): 1.5 MB | 402 kB
Progress (2): 1.5 MB | 406 kB
Progress (2): 1.5 MB | 410 kB
Progress (2): 1.5 MB | 414 kB
Progress (2): 1.5 MB | 418 kB
Progress (2): 1.5 MB | 423 kB
Progress (2): 1.5 MB | 427 kB
Progress (2): 1.5 MB | 431 kB
Progress (2): 1.5 MB | 435 kB
Progress (2): 1.5 MB | 439 kB
Progress (2): 1.5 MB | 439 kB
Progress (2): 1.5 MB | 443 kB
Progress (2): 1.5 MB | 443 kB
Progress (2): 1.5 MB | 447 kB
Progress (2): 1.5 MB | 447 kB
Progress (2): 1.5 MB | 447 kB
Progress (2): 1.5 MB | 447 kB
Progress (2): 1.5 MB | 447 kB
Progress (2): 1.5 MB | 447 kB
Progress (2): 1.5 MB | 447 kB
Progress (2): 1.5 MB | 447 kB
Progress (2): 1.5 MB | 451 kB
Progress (2): 1.5 MB | 451 kB
Progress (2): 1.5 MB | 455 kB
Progress (2): 1.5 MB | 455 kB
Progress (2): 1.5 MB | 455 kB
Progress (2): 1.5 MB | 455 kB
Progress (2): 1.5 MB | 455 kB
Progress (2): 1.6 MB | 455 kB
Progress (2): 1.6 MB | 455 kB
Progress (2): 1.6 MB | 455 kB
Progress (2): 1.6 MB | 455 kB
Progress (2): 1.6 MB | 455 kB
Progress (2): 1.6 MB | 455 kB
Progress (2): 1.6 MB | 455 kB
Progress (2): 1.6 MB | 455 kB
Progress (2): 1.6 MB | 459 kB
Progress (2): 1.6 MB | 459 kB
Progress (2): 1.6 MB | 459 kB
Progress (2): 1.6 MB | 464 kB
Progress (2): 1.6 MB | 464 kB
Progress (2): 1.6 MB | 464 kB
Progress (2): 1.6 MB | 464 kB
Progress (2): 1.6 MB | 464 kB
Progress (2): 1.6 MB | 464 kB
Progress (2): 1.6 MB | 464 kB
Progress (2): 1.6 MB | 464 kB
Progress (2): 1.6 MB | 464 kB
Progress (2): 1.6 MB | 464 kB
Progress (2): 1.6 MB | 464 kB
Progress (2): 1.6 MB | 464 kB
Progress (2): 1.6 MB | 464 kB
Progress (2): 1.6 MB | 464 kB
Progress (2): 1.6 MB | 464 kB
Progress (2): 1.7 MB | 464 kB
Progress (2): 1.7 MB | 464 kB
Progress (2): 1.7 MB | 464 kB
Progress (2): 1.7 MB | 464 kB
Progress (2): 1.7 MB | 464 kB
Progress (2): 1.7 MB | 464 kB
Progress (2): 1.7 MB | 464 kB
Progress (2): 1.7 MB | 464 kB
Progress (2): 1.7 MB | 464 kB
Progress (2): 1.7 MB | 464 kB
Progress (2): 1.7 MB | 464 kB
Progress (2): 1.7 MB | 464 kB
Progress (2): 1.7 MB | 464 kB
Progress (2): 1.7 MB | 464 kB
Progress (2): 1.7 MB | 464 kB
Progress (2): 1.7 MB | 464 kB
Progress (2): 1.7 MB | 464 kB
Progress (2): 1.7 MB | 464 kB
Progress (2): 1.7 MB | 464 kB
Progress (2): 1.7 MB | 464 kB
Progress (2): 1.7 MB | 464 kB
Progress (2): 1.7 MB | 464 kB
Progress (2): 1.7 MB | 464 kB
Progress (2): 1.7 MB | 464 kB
Progress (2): 1.7 MB | 464 kB
Progress (2): 1.7 MB | 464 kB
Progress (2): 1.8 MB | 464 kB
Progress (2): 1.8 MB | 464 kB
Progress (2): 1.8 MB | 464 kB
Progress (2): 1.8 MB | 464 kB
Progress (2): 1.8 MB | 464 kB
Progress (2): 1.8 MB | 464 kB
Progress (2): 1.8 MB | 464 kB
Progress (2): 1.8 MB | 464 kB
Progress (2): 1.8 MB | 464 kB
Progress (2): 1.8 MB | 464 kB
Progress (2): 1.8 MB | 464 kB
Progress (2): 1.8 MB | 464 kB
Progress (2): 1.8 MB | 464 kB
Progress (2): 1.8 MB | 464 kB
Progress (2): 1.8 MB | 464 kB
Progress (2): 1.8 MB | 464 kB
Progress (2): 1.8 MB | 464 kB
Progress (2): 1.8 MB | 464 kB
Progress (2): 1.8 MB | 464 kB
Progress (2): 1.8 MB | 464 kB
Progress (2): 1.8 MB | 464 kB
Progress (2): 1.8 MB | 464 kB
Progress (2): 1.8 MB | 464 kB
Progress (2): 1.8 MB | 464 kB
Progress (2): 1.8 MB | 464 kB
Progress (2): 1.9 MB | 464 kB
Progress (2): 1.9 MB | 464 kB
Progress (2): 1.9 MB | 464 kB
Progress (2): 1.9 MB | 464 kB
Progress (2): 1.9 MB | 464 kB
Progress (2): 1.9 MB | 464 kB
Progress (2): 1.9 MB | 464 kB
Progress (2): 1.9 MB | 464 kB
Progress (2): 1.9 MB | 464 kB
Progress (2): 1.9 MB | 464 kB
Progress (2): 1.9 MB | 464 kB
Progress (2): 1.9 MB | 464 kB
Progress (2): 1.9 MB | 464 kB
Progress (2): 1.9 MB | 464 kB
Progress (2): 1.9 MB | 464 kB
Progress (2): 1.9 MB | 464 kB
Progress (2): 1.9 MB | 464 kB
Progress (2): 1.9 MB | 464 kB
Progress (2): 1.9 MB | 464 kB
Progress (2): 1.9 MB | 464 kB
Progress (2): 1.9 MB | 464 kB
Progress (2): 1.9 MB | 464 kB
Progress (2): 1.9 MB | 464 kB
Progress (2): 1.9 MB | 464 kB
Progress (2): 1.9 MB | 464 kB
Progress (2): 1.9 MB | 464 kB
Progress (2): 2.0 MB | 464 kB
Progress (2): 2.0 MB | 464 kB
Progress (2): 2.0 MB | 464 kB
Progress (2): 2.0 MB | 464 kB
Progress (2): 2.0 MB | 464 kB
Progress (2): 2.0 MB | 464 kB
Progress (2): 2.0 MB | 464 kB
Progress (2): 2.0 MB | 464 kB
Progress (2): 2.0 MB | 464 kB
Progress (2): 2.0 MB | 464 kB
Progress (2): 2.0 MB | 464 kB
Progress (2): 2.0 MB | 464 kB
Progress (2): 2.0 MB | 464 kB
Progress (2): 2.0 MB | 464 kB
Progress (2): 2.0 MB | 464 kB
Progress (2): 2.0 MB | 464 kB
Progress (2): 2.0 MB | 464 kB
Progress (2): 2.0 MB | 464 kB
Progress (2): 2.0 MB | 464 kB
Progress (2): 2.0 MB | 464 kB
Progress (2): 2.0 MB | 464 kB
Progress (2): 2.0 MB | 464 kB
Progress (2): 2.0 MB | 464 kB
Progress (2): 2.0 MB | 464 kB
Progress (2): 2.0 MB | 464 kB
Progress (2): 2.1 MB | 464 kB
Progress (2): 2.1 MB | 464 kB
Progress (2): 2.1 MB | 464 kB
Progress (2): 2.1 MB | 464 kB
Progress (2): 2.1 MB | 464 kB
Progress (2): 2.1 MB | 464 kB
Progress (2): 2.1 MB | 464 kB
Progress (2): 2.1 MB | 464 kB
Progress (2): 2.1 MB | 464 kB
Progress (2): 2.1 MB | 464 kB
Progress (2): 2.1 MB | 464 kB
Progress (2): 2.1 MB | 464 kB
Progress (2): 2.1 MB | 464 kB
Progress (2): 2.1 MB | 464 kB
Progress (2): 2.1 MB | 464 kB
Progress (2): 2.1 MB | 464 kB
Progress (2): 2.1 MB | 464 kB
Progress (2): 2.1 MB | 464 kB
Progress (2): 2.1 MB | 464 kB
Progress (2): 2.1 MB | 464 kB
Progress (2): 2.1 MB | 464 kB
Progress (2): 2.1 MB | 464 kB
Progress (2): 2.1 MB | 464 kB
Progress (2): 2.1 MB | 464 kB
Progress (2): 2.1 MB | 464 kB
Progress (2): 2.2 MB | 464 kB
Progress (2): 2.2 MB | 464 kB
Progress (2): 2.2 MB | 464 kB
Progress (2): 2.2 MB | 464 kB
Progress (2): 2.2 MB | 464 kB
Progress (2): 2.2 MB | 464 kB
Progress (2): 2.2 MB | 464 kB
Progress (2): 2.2 MB | 464 kB
Progress (2): 2.2 MB | 464 kB
Progress (2): 2.2 MB | 464 kB
Progress (2): 2.2 MB | 464 kB
Progress (2): 2.2 MB | 464 kB
Progress (2): 2.2 MB | 464 kB
Progress (2): 2.2 MB | 464 kB
Progress (2): 2.2 MB | 464 kB
Progress (2): 2.2 MB | 464 kB
Progress (2): 2.2 MB | 464 kB
Progress (2): 2.2 MB | 464 kB
Progress (2): 2.2 MB | 464 kB
Progress (2): 2.2 MB | 464 kB
Progress (2): 2.2 MB | 464 kB
Progress (2): 2.2 MB | 464 kB
Progress (2): 2.2 MB | 464 kB
Progress (2): 2.2 MB | 464 kB
Progress (2): 2.2 MB | 464 kB
Progress (2): 2.3 MB | 464 kB
Progress (2): 2.3 MB | 464 kB
Progress (2): 2.3 MB | 464 kB
Progress (2): 2.3 MB | 464 kB
Progress (2): 2.3 MB | 464 kB
Progress (2): 2.3 MB | 464 kB
Progress (2): 2.3 MB | 464 kB
Progress (2): 2.3 MB | 464 kB
Progress (2): 2.3 MB | 464 kB
Progress (2): 2.3 MB | 464 kB
Progress (2): 2.3 MB | 464 kB
Progress (2): 2.3 MB | 464 kB
Progress (2): 2.3 MB | 464 kB
Progress (2): 2.3 MB | 464 kB
Progress (2): 2.3 MB | 464 kB
Progress (2): 2.3 MB | 464 kB
Progress (2): 2.3 MB | 464 kB
Progress (2): 2.3 MB | 464 kB
Progress (2): 2.3 MB | 464 kB
Progress (2): 2.3 MB | 464 kB
Progress (2): 2.3 MB | 464 kB
Progress (2): 2.3 MB | 464 kB
Progress (2): 2.3 MB | 464 kB
Progress (2): 2.3 MB | 468 kB
Progress (2): 2.3 MB | 468 kB
Progress (2): 2.3 MB | 472 kB
Progress (2): 2.3 MB | 476 kB
Progress (2): 2.3 MB | 480 kB
Progress (2): 2.3 MB | 480 kB
Progress (2): 2.3 MB | 484 kB
Progress (2): 2.3 MB | 484 kB
Progress (2): 2.3 MB | 488 kB
Progress (2): 2.4 MB | 488 kB
Progress (2): 2.4 MB | 488 kB
Progress (2): 2.4 MB | 488 kB
Progress (2): 2.4 MB | 488 kB
Progress (2): 2.4 MB | 488 kB
Progress (2): 2.4 MB | 492 kB
Progress (2): 2.4 MB | 492 kB
Progress (2): 2.4 MB | 496 kB
Progress (2): 2.4 MB | 500 kB
Progress (2): 2.4 MB | 504 kB
Progress (2): 2.4 MB | 509 kB
Progress (2): 2.4 MB | 513 kB
Progress (2): 2.4 MB | 513 kB
Progress (2): 2.4 MB | 517 kB
Progress (2): 2.4 MB | 517 kB
Progress (2): 2.4 MB | 517 kB
Progress (2): 2.4 MB | 517 kB
Progress (2): 2.4 MB | 517 kB
Progress (2): 2.4 MB | 517 kB
Progress (2): 2.4 MB | 517 kB
Progress (2): 2.4 MB | 521 kB
Progress (2): 2.4 MB | 525 kB
Progress (2): 2.4 MB | 529 kB
Progress (2): 2.4 MB | 533 kB
Progress (2): 2.4 MB | 533 kB
Progress (2): 2.4 MB | 533 kB
Progress (2): 2.4 MB | 533 kB
Progress (2): 2.4 MB | 533 kB
Progress (2): 2.4 MB | 533 kB
Progress (2): 2.4 MB | 537 kB
Progress (2): 2.4 MB | 537 kB
Progress (2): 2.4 MB | 541 kB
Progress (2): 2.4 MB | 541 kB
Progress (2): 2.4 MB | 541 kB
Progress (2): 2.4 MB | 545 kB
Progress (2): 2.4 MB | 545 kB
Progress (2): 2.4 MB | 549 kB
Progress (2): 2.4 MB | 549 kB
Progress (2): 2.4 MB | 554 kB
Progress (2): 2.4 MB | 554 kB
Progress (2): 2.4 MB | 558 kB
Progress (2): 2.4 MB | 558 kB
Progress (2): 2.5 MB | 558 kB
Progress (2): 2.5 MB | 558 kB
Progress (2): 2.5 MB | 562 kB
Progress (2): 2.5 MB | 566 kB
Progress (2): 2.5 MB | 566 kB
Progress (2): 2.5 MB | 566 kB
Progress (2): 2.5 MB | 566 kB
Progress (2): 2.5 MB | 566 kB
Progress (2): 2.5 MB | 566 kB
Progress (2): 2.5 MB | 566 kB
Progress (2): 2.5 MB | 570 kB
Progress (2): 2.5 MB | 574 kB
Progress (2): 2.5 MB | 578 kB
Progress (2): 2.5 MB | 582 kB
Progress (2): 2.5 MB | 586 kB
Progress (2): 2.5 MB | 590 kB
Progress (2): 2.5 MB | 595 kB
Progress (2): 2.5 MB | 595 kB
Progress (2): 2.5 MB | 599 kB
Progress (2): 2.5 MB | 599 kB
Progress (2): 2.5 MB | 603 kB
Progress (2): 2.5 MB | 607 kB
Progress (2): 2.5 MB | 611 kB
Progress (2): 2.5 MB | 615 kB
Progress (2): 2.5 MB | 615 kB
Progress (2): 2.5 MB | 619 kB
Progress (2): 2.5 MB | 623 kB
Progress (2): 2.5 MB | 627 kB
Progress (2): 2.5 MB | 631 kB
Progress (2): 2.5 MB | 635 kB
Progress (2): 2.5 MB | 640 kB
Progress (2): 2.5 MB | 644 kB
Progress (2): 2.5 MB | 648 kB
Progress (2): 2.5 MB | 652 kB
Progress (2): 2.5 MB | 656 kB
Progress (2): 2.5 MB | 656 kB
Progress (2): 2.5 MB | 660 kB
Progress (2): 2.5 MB | 660 kB
Progress (2): 2.5 MB | 664 kB
Progress (2): 2.5 MB | 664 kB
Progress (2): 2.5 MB | 668 kB
Progress (2): 2.5 MB | 672 kB
Progress (2): 2.5 MB | 676 kB
Progress (2): 2.5 MB | 680 kB
Progress (2): 2.5 MB | 685 kB
Progress (2): 2.5 MB | 685 kB
Progress (2): 2.5 MB | 689 kB
Progress (2): 2.5 MB | 689 kB
Progress (2): 2.5 MB | 693 kB
Progress (2): 2.5 MB | 693 kB
Progress (2): 2.5 MB | 697 kB
Progress (2): 2.5 MB | 697 kB
Progress (2): 2.5 MB | 701 kB
Progress (2): 2.5 MB | 701 kB
Progress (2): 2.5 MB | 701 kB
Progress (2): 2.5 MB | 701 kB
Progress (2): 2.5 MB | 701 kB
Progress (2): 2.5 MB | 705 kB
Progress (2): 2.5 MB | 709 kB
Progress (2): 2.5 MB | 713 kB
Progress (2): 2.5 MB | 717 kB
Progress (2): 2.5 MB | 721 kB
Progress (2): 2.5 MB | 726 kB
Progress (2): 2.5 MB | 730 kB
Progress (2): 2.5 MB | 734 kB
Progress (2): 2.5 MB | 738 kB
Progress (2): 2.5 MB | 742 kB
Progress (2): 2.5 MB | 746 kB
Progress (2): 2.5 MB | 750 kB
Progress (2): 2.5 MB | 754 kB
Progress (2): 2.5 MB | 758 kB
Progress (2): 2.5 MB | 762 kB
Progress (2): 2.5 MB | 762 kB
Progress (2): 2.5 MB | 766 kB
Progress (2): 2.5 MB | 766 kB
Progress (2): 2.5 MB | 771 kB
Progress (2): 2.5 MB | 771 kB
Progress (2): 2.5 MB | 775 kB
Progress (2): 2.6 MB | 775 kB
Progress (2): 2.6 MB | 779 kB
Progress (2): 2.6 MB | 779 kB
Progress (2): 2.6 MB | 783 kB
Progress (2): 2.6 MB | 783 kB
Progress (2): 2.6 MB | 783 kB
Progress (2): 2.6 MB | 783 kB
Progress (2): 2.6 MB | 783 kB
Progress (2): 2.6 MB | 783 kB
Progress (2): 2.6 MB | 783 kB
Progress (2): 2.6 MB | 783 kB
Progress (2): 2.6 MB | 787 kB
Progress (2): 2.6 MB | 787 kB
Progress (2): 2.6 MB | 791 kB
Progress (2): 2.6 MB | 791 kB
Progress (2): 2.6 MB | 791 kB
Progress (2): 2.6 MB | 791 kB
Progress (2): 2.6 MB | 791 kB
Progress (2): 2.6 MB | 791 kB
Progress (2): 2.6 MB | 791 kB
Progress (2): 2.6 MB | 791 kB
Progress (2): 2.6 MB | 795 kB
Progress (2): 2.6 MB | 795 kB
Progress (2): 2.6 MB | 799 kB
Progress (2): 2.6 MB | 799 kB
Progress (2): 2.6 MB | 803 kB
Progress (2): 2.6 MB | 803 kB
Progress (2): 2.6 MB | 803 kB
Progress (2): 2.6 MB | 803 kB
Progress (2): 2.6 MB | 803 kB
Progress (2): 2.6 MB | 803 kB
Progress (2): 2.6 MB | 803 kB
Progress (2): 2.6 MB | 803 kB
Progress (2): 2.7 MB | 803 kB
Progress (2): 2.7 MB | 803 kB
Progress (2): 2.7 MB | 807 kB
Progress (2): 2.7 MB | 807 kB
Progress (2): 2.7 MB | 812 kB
Progress (2): 2.7 MB | 812 kB
Progress (2): 2.7 MB | 812 kB
Progress (2): 2.7 MB | 812 kB
Progress (2): 2.7 MB | 812 kB
Progress (2): 2.7 MB | 812 kB
Progress (2): 2.7 MB | 812 kB
Progress (2): 2.7 MB | 812 kB
Progress (2): 2.7 MB | 812 kB
Progress (2): 2.7 MB | 812 kB
Progress (2): 2.7 MB | 812 kB
Progress (2): 2.7 MB | 812 kB
Progress (2): 2.7 MB | 812 kB
Progress (2): 2.7 MB | 812 kB
Progress (2): 2.7 MB | 812 kB
Progress (2): 2.7 MB | 812 kB
Progress (2): 2.7 MB | 812 kB
Progress (2): 2.7 MB | 812 kB
Progress (2): 2.7 MB | 812 kB
Progress (2): 2.7 MB | 812 kB
Progress (2): 2.7 MB | 812 kB
Progress (2): 2.7 MB | 812 kB
Progress (2): 2.7 MB | 812 kB
Progress (2): 2.8 MB | 812 kB
Progress (2): 2.8 MB | 812 kB
Progress (2): 2.8 MB | 812 kB
Progress (2): 2.8 MB | 812 kB
Progress (2): 2.8 MB | 812 kB
Progress (2): 2.8 MB | 812 kB
Progress (2): 2.8 MB | 812 kB
Progress (2): 2.8 MB | 812 kB
Progress (2): 2.8 MB | 812 kB
Progress (2): 2.8 MB | 812 kB
Progress (2): 2.8 MB | 812 kB
Progress (2): 2.8 MB | 812 kB
Progress (2): 2.8 MB | 812 kB
Progress (2): 2.8 MB | 812 kB
Progress (2): 2.8 MB | 812 kB
Progress (2): 2.8 MB | 812 kB
Progress (2): 2.8 MB | 812 kB
Progress (2): 2.8 MB | 812 kB
Progress (2): 2.8 MB | 812 kB
Progress (2): 2.8 MB | 812 kB
Progress (2): 2.8 MB | 812 kB
Progress (2): 2.8 MB | 812 kB
Progress (2): 2.8 MB | 812 kB
Progress (2): 2.8 MB | 812 kB
Progress (2): 2.9 MB | 812 kB
Progress (2): 2.9 MB | 812 kB
Progress (2): 2.9 MB | 812 kB
Progress (2): 2.9 MB | 812 kB
Progress (2): 2.9 MB | 812 kB
Progress (2): 2.9 MB | 812 kB
Progress (2): 2.9 MB | 812 kB
Progress (2): 2.9 MB | 812 kB
Progress (2): 2.9 MB | 812 kB
Progress (2): 2.9 MB | 812 kB
Progress (2): 2.9 MB | 812 kB
Progress (2): 2.9 MB | 812 kB
Progress (2): 2.9 MB | 812 kB
Progress (2): 2.9 MB | 812 kB
Progress (2): 2.9 MB | 812 kB
Progress (2): 2.9 MB | 812 kB
Progress (2): 2.9 MB | 812 kB
Progress (2): 2.9 MB | 812 kB
Progress (2): 2.9 MB | 812 kB
Progress (2): 2.9 MB | 812 kB
Progress (2): 2.9 MB | 812 kB
Progress (2): 2.9 MB | 812 kB
Progress (2): 2.9 MB | 812 kB
Progress (2): 2.9 MB | 812 kB
Progress (2): 2.9 MB | 812 kB
Progress (2): 3.0 MB | 812 kB
Progress (2): 3.0 MB | 812 kB
Progress (2): 3.0 MB | 812 kB
Progress (2): 3.0 MB | 812 kB
Progress (2): 3.0 MB | 812 kB
Progress (2): 3.0 MB | 812 kB
Progress (2): 3.0 MB | 812 kB
Progress (2): 3.0 MB | 812 kB
Progress (2): 3.0 MB | 812 kB
Progress (2): 3.0 MB | 812 kB
Progress (2): 3.0 MB | 812 kB
Progress (2): 3.0 MB | 812 kB
Progress (2): 3.0 MB | 812 kB
Progress (2): 3.0 MB | 812 kB
Progress (2): 3.0 MB | 812 kB
Progress (2): 3.0 MB | 812 kB
Progress (2): 3.0 MB | 812 kB
Progress (2): 3.0 MB | 812 kB
Progress (2): 3.0 MB | 812 kB
Progress (2): 3.0 MB | 812 kB
Progress (2): 3.0 MB | 812 kB
Progress (2): 3.0 MB | 812 kB
Progress (2): 3.0 MB | 812 kB
Progress (2): 3.0 MB | 812 kB
Progress (2): 3.1 MB | 812 kB
Progress (2): 3.1 MB | 812 kB
Progress (2): 3.1 MB | 812 kB
Progress (2): 3.1 MB | 812 kB
Progress (2): 3.1 MB | 812 kB
Progress (2): 3.1 MB | 812 kB
Progress (2): 3.1 MB | 812 kB
Progress (2): 3.1 MB | 812 kB
Progress (2): 3.1 MB | 812 kB
Progress (2): 3.1 MB | 812 kB
Progress (2): 3.1 MB | 812 kB
Progress (2): 3.1 MB | 812 kB
Progress (2): 3.1 MB | 812 kB
Progress (2): 3.1 MB | 812 kB
Progress (2): 3.1 MB | 812 kB
Progress (2): 3.1 MB | 812 kB
Progress (2): 3.1 MB | 812 kB
Progress (2): 3.1 MB | 812 kB
Progress (2): 3.1 MB | 812 kB
Progress (2): 3.1 MB | 812 kB
Progress (2): 3.1 MB | 812 kB
Progress (2): 3.1 MB | 812 kB
Progress (2): 3.1 MB | 812 kB
Progress (2): 3.1 MB | 812 kB
Progress (2): 3.1 MB | 812 kB
Progress (2): 3.2 MB | 812 kB
Progress (2): 3.2 MB | 812 kB
Progress (2): 3.2 MB | 812 kB
Progress (2): 3.2 MB | 812 kB
Progress (2): 3.2 MB | 812 kB
Progress (2): 3.2 MB | 812 kB
Progress (2): 3.2 MB | 812 kB
Progress (2): 3.2 MB | 812 kB
Progress (2): 3.2 MB | 812 kB
Progress (2): 3.2 MB | 812 kB
Progress (2): 3.2 MB | 812 kB
Progress (2): 3.2 MB | 812 kB
Progress (2): 3.2 MB | 812 kB
Progress (2): 3.2 MB | 812 kB
Progress (2): 3.2 MB | 812 kB
Progress (2): 3.2 MB | 812 kB
Progress (2): 3.2 MB | 812 kB
Progress (2): 3.2 MB | 812 kB
Progress (2): 3.2 MB | 812 kB
Progress (2): 3.2 MB | 812 kB
Progress (2): 3.2 MB | 812 kB
Progress (2): 3.2 MB | 812 kB
Progress (2): 3.2 MB | 812 kB
Progress (2): 3.2 MB | 812 kB
Progress (2): 3.2 MB | 812 kB
Progress (2): 3.2 MB | 812 kB
Progress (2): 3.2 MB | 812 kB
Progress (2): 3.3 MB | 812 kB
Progress (2): 3.3 MB | 812 kB
Progress (2): 3.3 MB | 812 kB
Progress (2): 3.3 MB | 812 kB
Progress (2): 3.3 MB | 812 kB
Progress (2): 3.3 MB | 812 kB
Progress (2): 3.3 MB | 816 kB
Progress (2): 3.3 MB | 816 kB
Progress (2): 3.3 MB | 820 kB
Progress (2): 3.3 MB | 824 kB
Progress (2): 3.3 MB | 828 kB
Progress (2): 3.3 MB | 832 kB
Progress (2): 3.3 MB | 836 kB
Progress (2): 3.3 MB | 840 kB
Progress (2): 3.3 MB | 844 kB
Progress (2): 3.3 MB | 848 kB
Progress (2): 3.3 MB | 853 kB
Progress (2): 3.3 MB | 857 kB
Progress (2): 3.3 MB | 861 kB
Progress (2): 3.3 MB | 865 kB
Progress (2): 3.3 MB | 869 kB
Progress (2): 3.3 MB | 873 kB
Progress (2): 3.3 MB | 877 kB
Progress (2): 3.3 MB | 881 kB
Progress (2): 3.3 MB | 885 kB
Progress (2): 3.3 MB | 889 kB
Progress (2): 3.3 MB | 893 kB
Progress (2): 3.3 MB | 898 kB
Progress (2): 3.3 MB | 902 kB
Progress (2): 3.3 MB | 906 kB
Progress (2): 3.3 MB | 910 kB
Progress (2): 3.3 MB | 914 kB
Progress (2): 3.3 MB | 918 kB
Progress (2): 3.3 MB | 922 kB
Progress (2): 3.3 MB | 926 kB
Progress (2): 3.3 MB | 930 kB
Progress (2): 3.3 MB | 934 kB
Progress (2): 3.3 MB | 939 kB
Progress (2): 3.3 MB | 943 kB
Progress (2): 3.3 MB | 947 kB
Progress (2): 3.3 MB | 951 kB
Progress (2): 3.3 MB | 955 kB
Progress (2): 3.3 MB | 958 kB
Progress (2): 3.3 MB | 961 kB
Progress (2): 3.3 MB | 965 kB
Progress (2): 3.3 MB | 969 kB
Progress (2): 3.3 MB | 973 kB
Progress (2): 3.3 MB | 978 kB
Progress (2): 3.3 MB | 982 kB
Progress (2): 3.3 MB | 984 kB
Progress (2): 3.3 MB | 987 kB
Progress (2): 3.3 MB | 991 kB
Progress (2): 3.3 MB | 995 kB
Progress (2): 3.3 MB | 999 kB
Progress (2): 3.3 MB | 1.0 MB
Progress (2): 3.3 MB | 1.0 MB
Progress (2): 3.3 MB | 1.0 MB
Progress (2): 3.3 MB | 1.0 MB
Progress (2): 3.3 MB | 1.0 MB
Progress (2): 3.3 MB | 1.0 MB
Progress (2): 3.3 MB | 1.0 MB
Progress (2): 3.3 MB | 1.0 MB
Progress (2): 3.3 MB | 1.0 MB
Progress (2): 3.3 MB | 1.0 MB
Progress (2): 3.3 MB | 1.0 MB
Progress (2): 3.3 MB | 1.0 MB
Progress (2): 3.3 MB | 1.1 MB
Progress (2): 3.3 MB | 1.1 MB
Progress (2): 3.3 MB | 1.1 MB
Progress (2): 3.3 MB | 1.1 MB
Progress (2): 3.3 MB | 1.1 MB
Progress (2): 3.3 MB | 1.1 MB
Progress (2): 3.3 MB | 1.1 MB
Progress (2): 3.3 MB | 1.1 MB
Progress (2): 3.3 MB | 1.1 MB
Progress (2): 3.3 MB | 1.1 MB
Progress (2): 3.3 MB | 1.1 MB
Progress (2): 3.3 MB | 1.1 MB
Progress (2): 3.3 MB | 1.1 MB
Progress (2): 3.3 MB | 1.1 MB
Progress (2): 3.3 MB | 1.1 MB
Progress (2): 3.3 MB | 1.1 MB
Progress (2): 3.3 MB | 1.1 MB
Progress (2): 3.3 MB | 1.1 MB
Progress (2): 3.3 MB | 1.1 MB
Progress (2): 3.3 MB | 1.1 MB
Progress (2): 3.3 MB | 1.1 MB
Progress (2): 3.3 MB | 1.1 MB
Progress (2): 3.3 MB | 1.1 MB
Progress (2): 3.3 MB | 1.1 MB
Progress (2): 3.3 MB | 1.2 MB
Progress (2): 3.3 MB | 1.2 MB
Progress (2): 3.3 MB | 1.2 MB
Progress (2): 3.3 MB | 1.2 MB
Progress (2): 3.3 MB | 1.2 MB
Progress (2): 3.3 MB | 1.2 MB
Progress (2): 3.3 MB | 1.2 MB
Progress (2): 3.3 MB | 1.2 MB
Progress (2): 3.3 MB | 1.2 MB
Progress (2): 3.3 MB | 1.2 MB
Progress (2): 3.3 MB | 1.2 MB
Progress (2): 3.3 MB | 1.2 MB
Progress (2): 3.3 MB | 1.2 MB
Progress (2): 3.3 MB | 1.2 MB
Progress (2): 3.3 MB | 1.2 MB
Progress (2): 3.3 MB | 1.2 MB
Progress (2): 3.3 MB | 1.2 MB
Progress (2): 3.3 MB | 1.2 MB
Progress (2): 3.3 MB | 1.2 MB
Progress (2): 3.3 MB | 1.2 MB
Progress (2): 3.3 MB | 1.2 MB
Progress (2): 3.3 MB | 1.2 MB
Progress (2): 3.3 MB | 1.2 MB
Progress (2): 3.3 MB | 1.2 MB
Progress (2): 3.3 MB | 1.2 MB
Progress (2): 3.3 MB | 1.3 MB
Progress (2): 3.3 MB | 1.3 MB
Progress (2): 3.3 MB | 1.3 MB
Progress (2): 3.3 MB | 1.3 MB
Progress (2): 3.3 MB | 1.3 MB
Progress (2): 3.3 MB | 1.3 MB
Progress (2): 3.3 MB | 1.3 MB
Progress (2): 3.3 MB | 1.3 MB
Progress (2): 3.3 MB | 1.3 MB
Progress (2): 3.3 MB | 1.3 MB
Progress (2): 3.3 MB | 1.3 MB
Progress (2): 3.3 MB | 1.3 MB
Progress (2): 3.3 MB | 1.3 MB
Progress (2): 3.3 MB | 1.3 MB
Progress (2): 3.3 MB | 1.3 MB
Progress (2): 3.3 MB | 1.3 MB
Progress (2): 3.3 MB | 1.3 MB
Progress (2): 3.3 MB | 1.3 MB
Progress (2): 3.3 MB | 1.3 MB
Progress (2): 3.3 MB | 1.3 MB
Progress (2): 3.3 MB | 1.3 MB
Progress (2): 3.3 MB | 1.3 MB
Progress (2): 3.3 MB | 1.3 MB
Progress (2): 3.3 MB | 1.3 MB
Progress (2): 3.3 MB | 1.4 MB
Progress (2): 3.3 MB | 1.4 MB
Progress (2): 3.3 MB | 1.4 MB
Progress (2): 3.3 MB | 1.4 MB
Progress (2): 3.3 MB | 1.4 MB
Progress (2): 3.3 MB | 1.4 MB
Progress (2): 3.3 MB | 1.4 MB
Progress (2): 3.3 MB | 1.4 MB
Progress (2): 3.3 MB | 1.4 MB
Progress (2): 3.3 MB | 1.4 MB
Progress (2): 3.3 MB | 1.4 MB
Progress (2): 3.3 MB | 1.4 MB
Progress (2): 3.3 MB | 1.4 MB
Progress (2): 3.3 MB | 1.4 MB
Progress (2): 3.3 MB | 1.4 MB
Progress (2): 3.3 MB | 1.4 MB
Progress (2): 3.3 MB | 1.4 MB
Progress (2): 3.3 MB | 1.4 MB
Progress (2): 3.3 MB | 1.4 MB
Progress (2): 3.3 MB | 1.4 MB
Progress (2): 3.3 MB | 1.4 MB
Progress (2): 3.3 MB | 1.4 MB
Progress (2): 3.3 MB | 1.4 MB
Progress (2): 3.3 MB | 1.4 MB
Progress (2): 3.3 MB | 1.4 MB
Progress (2): 3.3 MB | 1.4 MB
Progress (2): 3.3 MB | 1.4 MB
Progress (2): 3.3 MB | 1.5 MB
Progress (2): 3.3 MB | 1.5 MB
Progress (2): 3.3 MB | 1.5 MB
Progress (2): 3.3 MB | 1.5 MB
Progress (2): 3.3 MB | 1.5 MB
Progress (2): 3.3 MB | 1.5 MB
Progress (2): 3.3 MB | 1.5 MB
Progress (2): 3.3 MB | 1.5 MB
Progress (2): 3.3 MB | 1.5 MB
Progress (2): 3.3 MB | 1.5 MB
Progress (2): 3.3 MB | 1.5 MB
Progress (2): 3.3 MB | 1.5 MB
Progress (2): 3.3 MB | 1.5 MB
Progress (2): 3.3 MB | 1.5 MB
Progress (2): 3.3 MB | 1.5 MB
Progress (2): 3.3 MB | 1.5 MB
Progress (2): 3.3 MB | 1.5 MB
Progress (2): 3.3 MB | 1.5 MB
Progress (2): 3.3 MB | 1.5 MB
Progress (2): 3.3 MB | 1.5 MB
Progress (2): 3.3 MB | 1.5 MB
Progress (2): 3.3 MB | 1.5 MB
Progress (2): 3.3 MB | 1.5 MB
Progress (2): 3.3 MB | 1.5 MB
Progress (2): 3.3 MB | 1.6 MB
Progress (2): 3.3 MB | 1.6 MB
Progress (2): 3.3 MB | 1.6 MB
Progress (2): 3.3 MB | 1.6 MB
Progress (2): 3.3 MB | 1.6 MB
Progress (2): 3.3 MB | 1.6 MB
Progress (2): 3.3 MB | 1.6 MB
Progress (2): 3.3 MB | 1.6 MB
Progress (2): 3.3 MB | 1.6 MB
Progress (2): 3.3 MB | 1.6 MB
Progress (2): 3.3 MB | 1.6 MB
Progress (2): 3.3 MB | 1.6 MB
Progress (2): 3.3 MB | 1.6 MB
Progress (2): 3.3 MB | 1.6 MB
Progress (2): 3.3 MB | 1.6 MB
Progress (2): 3.3 MB | 1.6 MB
Progress (2): 3.3 MB | 1.6 MB
Progress (2): 3.3 MB | 1.6 MB
Progress (2): 3.3 MB | 1.6 MB
Progress (2): 3.3 MB | 1.6 MB
Progress (2): 3.3 MB | 1.6 MB
Progress (2): 3.3 MB | 1.6 MB
Progress (2): 3.3 MB | 1.6 MB
Progress (2): 3.3 MB | 1.6 MB
Progress (2): 3.3 MB | 1.6 MB
Progress (2): 3.3 MB | 1.7 MB
Progress (2): 3.3 MB | 1.7 MB
Progress (2): 3.3 MB | 1.7 MB
Progress (2): 3.3 MB | 1.7 MB
Progress (2): 3.3 MB | 1.7 MB
Progress (2): 3.3 MB | 1.7 MB
Progress (2): 3.3 MB | 1.7 MB
Progress (2): 3.3 MB | 1.7 MB
Progress (2): 3.3 MB | 1.7 MB
Progress (2): 3.3 MB | 1.7 MB
Progress (2): 3.3 MB | 1.7 MB
Progress (2): 3.3 MB | 1.7 MB
Progress (2): 3.3 MB | 1.7 MB
Progress (2): 3.3 MB | 1.7 MB
Progress (2): 3.3 MB | 1.7 MB
Progress (2): 3.3 MB | 1.7 MB
Progress (2): 3.3 MB | 1.7 MB
Progress (2): 3.3 MB | 1.7 MB
Progress (2): 3.3 MB | 1.7 MB
Progress (2): 3.3 MB | 1.7 MB
Progress (2): 3.3 MB | 1.7 MB
Progress (2): 3.3 MB | 1.7 MB
Progress (2): 3.3 MB | 1.7 MB
Progress (2): 3.3 MB | 1.7 MB
Progress (2): 3.3 MB | 1.8 MB
Progress (2): 3.3 MB | 1.8 MB
Progress (2): 3.3 MB | 1.8 MB
Progress (2): 3.3 MB | 1.8 MB
Progress (2): 3.3 MB | 1.8 MB
Progress (2): 3.3 MB | 1.8 MB
Progress (2): 3.3 MB | 1.8 MB
Progress (2): 3.3 MB | 1.8 MB
Progress (2): 3.3 MB | 1.8 MB
Progress (2): 3.3 MB | 1.8 MB
Progress (2): 3.3 MB | 1.8 MB
Progress (2): 3.3 MB | 1.8 MB
Progress (2): 3.3 MB | 1.8 MB
Progress (2): 3.3 MB | 1.8 MB
Progress (2): 3.3 MB | 1.8 MB
Progress (2): 3.3 MB | 1.8 MB
Progress (2): 3.3 MB | 1.8 MB
Progress (2): 3.3 MB | 1.8 MB
Progress (2): 3.3 MB | 1.8 MB
Progress (2): 3.3 MB | 1.8 MB
Progress (2): 3.3 MB | 1.8 MB
Progress (2): 3.3 MB | 1.8 MB
Progress (2): 3.3 MB | 1.8 MB
Progress (2): 3.3 MB | 1.8 MB
Progress (2): 3.3 MB | 1.8 MB
Progress (2): 3.3 MB | 1.9 MB
Progress (2): 3.3 MB | 1.9 MB
Progress (2): 3.3 MB | 1.9 MB
Progress (2): 3.3 MB | 1.9 MB
Progress (2): 3.3 MB | 1.9 MB
Progress (2): 3.3 MB | 1.9 MB
Progress (2): 3.3 MB | 1.9 MB
Progress (2): 3.3 MB | 1.9 MB
Progress (2): 3.3 MB | 1.9 MB
Progress (2): 3.3 MB | 1.9 MB
Progress (2): 3.3 MB | 1.9 MB
Progress (2): 3.3 MB | 1.9 MB
Progress (2): 3.3 MB | 1.9 MB
Progress (2): 3.3 MB | 1.9 MB
Progress (2): 3.3 MB | 1.9 MB
Progress (2): 3.3 MB | 1.9 MB
Progress (2): 3.3 MB | 1.9 MB
Progress (2): 3.3 MB | 1.9 MB
Progress (2): 3.3 MB | 1.9 MB
Progress (2): 3.3 MB | 1.9 MB
Progress (2): 3.3 MB | 1.9 MB
Progress (2): 3.3 MB | 1.9 MB
Progress (2): 3.3 MB | 1.9 MB
Progress (2): 3.3 MB | 1.9 MB
Progress (2): 3.3 MB | 1.9 MB
Progress (2): 3.3 MB | 1.9 MB
Progress (2): 3.3 MB | 2.0 MB
Progress (2): 3.3 MB | 2.0 MB
Progress (2): 3.3 MB | 2.0 MB
Progress (2): 3.3 MB | 2.0 MB
Progress (2): 3.3 MB | 2.0 MB
Progress (2): 3.3 MB | 2.0 MB
Progress (2): 3.3 MB | 2.0 MB
Progress (2): 3.3 MB | 2.0 MB
Progress (2): 3.3 MB | 2.0 MB
Progress (2): 3.3 MB | 2.0 MB
Progress (2): 3.3 MB | 2.0 MB
Progress (2): 3.3 MB | 2.0 MB
Progress (2): 3.3 MB | 2.0 MB
Progress (2): 3.3 MB | 2.0 MB
Progress (2): 3.3 MB | 2.0 MB
Progress (2): 3.3 MB | 2.0 MB
Progress (2): 3.3 MB | 2.0 MB
Progress (2): 3.3 MB | 2.0 MB
Progress (2): 3.3 MB | 2.0 MB
Progress (2): 3.3 MB | 2.0 MB
Progress (2): 3.3 MB | 2.0 MB
Progress (2): 3.3 MB | 2.0 MB
Progress (2): 3.3 MB | 2.0 MB
Progress (2): 3.3 MB | 2.0 MB
Progress (2): 3.3 MB | 2.1 MB
Progress (2): 3.3 MB | 2.1 MB
Progress (2): 3.3 MB | 2.1 MB
Progress (2): 3.3 MB | 2.1 MB
Progress (2): 3.3 MB | 2.1 MB
Progress (2): 3.3 MB | 2.1 MB
Progress (2): 3.3 MB | 2.1 MB
Progress (2): 3.3 MB | 2.1 MB
Progress (2): 3.3 MB | 2.1 MB
Progress (2): 3.3 MB | 2.1 MB
Progress (2): 3.3 MB | 2.1 MB
Progress (2): 3.3 MB | 2.1 MB
Progress (2): 3.3 MB | 2.1 MB
Progress (2): 3.3 MB | 2.1 MB
Progress (2): 3.3 MB | 2.1 MB
Progress (2): 3.3 MB | 2.1 MB
Progress (2): 3.3 MB | 2.1 MB
Progress (2): 3.3 MB | 2.1 MB
Progress (2): 3.3 MB | 2.1 MB
Progress (2): 3.3 MB | 2.1 MB
Progress (2): 3.3 MB | 2.1 MB
Progress (2): 3.3 MB | 2.1 MB
Progress (2): 3.3 MB | 2.1 MB
Progress (2): 3.3 MB | 2.1 MB
Progress (2): 3.3 MB | 2.1 MB
Progress (2): 3.3 MB | 2.2 MB
Progress (2): 3.3 MB | 2.2 MB
Progress (2): 3.3 MB | 2.2 MB
Progress (2): 3.3 MB | 2.2 MB
Progress (2): 3.3 MB | 2.2 MB
Progress (2): 3.3 MB | 2.2 MB
Progress (2): 3.3 MB | 2.2 MB
Progress (2): 3.3 MB | 2.2 MB
Progress (2): 3.3 MB | 2.2 MB
Progress (2): 3.3 MB | 2.2 MB
Progress (2): 3.3 MB | 2.2 MB
Progress (2): 3.3 MB | 2.2 MB
Progress (2): 3.3 MB | 2.2 MB
Progress (2): 3.3 MB | 2.2 MB
Progress (2): 3.3 MB | 2.2 MB
Progress (2): 3.3 MB | 2.2 MB
Progress (2): 3.3 MB | 2.2 MB
Progress (2): 3.3 MB | 2.2 MB
Progress (2): 3.3 MB | 2.2 MB
Progress (2): 3.3 MB | 2.2 MB
Progress (2): 3.3 MB | 2.2 MB
Progress (2): 3.3 MB | 2.2 MB
Progress (2): 3.3 MB | 2.2 MB
Progress (2): 3.3 MB | 2.2 MB
Progress (2): 3.3 MB | 2.2 MB
Progress (2): 3.3 MB | 2.3 MB
Progress (2): 3.3 MB | 2.3 MB
Progress (2): 3.3 MB | 2.3 MB
Progress (2): 3.3 MB | 2.3 MB
Progress (2): 3.3 MB | 2.3 MB
Progress (2): 3.3 MB | 2.3 MB
Progress (2): 3.3 MB | 2.3 MB
Progress (2): 3.3 MB | 2.3 MB
Progress (2): 3.3 MB | 2.3 MB
Progress (2): 3.3 MB | 2.3 MB
Progress (2): 3.3 MB | 2.3 MB
Progress (2): 3.3 MB | 2.3 MB
Progress (2): 3.3 MB | 2.3 MB
Progress (2): 3.3 MB | 2.3 MB
Progress (2): 3.3 MB | 2.3 MB
Progress (2): 3.3 MB | 2.3 MB
Progress (2): 3.3 MB | 2.3 MB
Progress (2): 3.3 MB | 2.3 MB
Progress (2): 3.3 MB | 2.3 MB
Progress (2): 3.3 MB | 2.3 MB
Progress (2): 3.3 MB | 2.3 MB
Progress (2): 3.3 MB | 2.3 MB
Progress (2): 3.3 MB | 2.3 MB
Progress (2): 3.3 MB | 2.3 MB
Progress (2): 3.3 MB | 2.4 MB
Progress (2): 3.3 MB | 2.4 MB
Progress (2): 3.3 MB | 2.4 MB
Progress (2): 3.3 MB | 2.4 MB
Progress (2): 3.3 MB | 2.4 MB
Progress (2): 3.3 MB | 2.4 MB
Progress (2): 3.3 MB | 2.4 MB
Progress (2): 3.3 MB | 2.4 MB
Progress (2): 3.3 MB | 2.4 MB
Progress (2): 3.3 MB | 2.4 MB
Progress (2): 3.3 MB | 2.4 MB
Progress (2): 3.3 MB | 2.4 MB
Progress (2): 3.3 MB | 2.4 MB
Progress (2): 3.3 MB | 2.4 MB
Progress (2): 3.3 MB | 2.4 MB
Progress (2): 3.3 MB | 2.4 MB
Progress (2): 3.3 MB | 2.4 MB
Progress (2): 3.3 MB | 2.4 MB
Progress (2): 3.3 MB | 2.4 MB
Progress (2): 3.3 MB | 2.4 MB
Progress (2): 3.3 MB | 2.4 MB
Progress (2): 3.3 MB | 2.4 MB
Progress (2): 3.3 MB | 2.4 MB
Progress (2): 3.3 MB | 2.4 MB
Progress (2): 3.3 MB | 2.4 MB
Progress (2): 3.3 MB | 2.4 MB
Progress (2): 3.3 MB | 2.5 MB
Progress (2): 3.3 MB | 2.5 MB
Progress (2): 3.3 MB | 2.5 MB
Progress (2): 3.3 MB | 2.5 MB
Progress (2): 3.3 MB | 2.5 MB
Progress (2): 3.3 MB | 2.5 MB
Progress (2): 3.3 MB | 2.5 MB
Progress (2): 3.3 MB | 2.5 MB
Progress (2): 3.3 MB | 2.5 MB
Progress (2): 3.3 MB | 2.5 MB
Progress (2): 3.3 MB | 2.5 MB
Progress (2): 3.3 MB | 2.5 MB
Progress (2): 3.3 MB | 2.5 MB
Progress (2): 3.3 MB | 2.5 MB
Progress (2): 3.3 MB | 2.5 MB
Progress (2): 3.3 MB | 2.5 MB
Progress (2): 3.3 MB | 2.5 MB
Progress (2): 3.3 MB | 2.5 MB
Progress (2): 3.3 MB | 2.5 MB
Progress (2): 3.3 MB | 2.5 MB
Progress (2): 3.3 MB | 2.5 MB
Progress (2): 3.3 MB | 2.5 MB
Progress (2): 3.3 MB | 2.5 MB
Progress (2): 3.3 MB | 2.5 MB
Progress (2): 3.3 MB | 2.5 MB
Progress (2): 3.3 MB | 2.5 MB
Progress (2): 3.3 MB | 2.6 MB
Progress (2): 3.3 MB | 2.6 MB
Progress (2): 3.3 MB | 2.6 MB
Progress (2): 3.3 MB | 2.6 MB
Progress (2): 3.3 MB | 2.6 MB
Progress (2): 3.3 MB | 2.6 MB
Progress (2): 3.3 MB | 2.6 MB
Progress (2): 3.3 MB | 2.6 MB
Progress (2): 3.3 MB | 2.6 MB
Progress (2): 3.3 MB | 2.6 MB
Progress (2): 3.3 MB | 2.6 MB
Progress (2): 3.3 MB | 2.6 MB
Progress (2): 3.3 MB | 2.6 MB
Progress (2): 3.3 MB | 2.6 MB
Progress (2): 3.3 MB | 2.6 MB
Progress (2): 3.3 MB | 2.6 MB
Progress (2): 3.3 MB | 2.6 MB
Progress (2): 3.3 MB | 2.6 MB
Progress (2): 3.3 MB | 2.6 MB
Progress (2): 3.3 MB | 2.6 MB
Progress (2): 3.3 MB | 2.6 MB
Progress (2): 3.3 MB | 2.6 MB
Progress (2): 3.3 MB | 2.6 MB
Progress (2): 3.3 MB | 2.6 MB
Progress (2): 3.3 MB | 2.7 MB
Progress (2): 3.3 MB | 2.7 MB
Progress (2): 3.3 MB | 2.7 MB
Progress (2): 3.3 MB | 2.7 MB
Progress (2): 3.3 MB | 2.7 MB
Progress (2): 3.3 MB | 2.7 MB
Progress (2): 3.3 MB | 2.7 MB
Progress (2): 3.3 MB | 2.7 MB
Progress (2): 3.3 MB | 2.7 MB
Progress (2): 3.3 MB | 2.7 MB
Progress (2): 3.3 MB | 2.7 MB
Progress (2): 3.3 MB | 2.7 MB
Progress (2): 3.3 MB | 2.7 MB
Progress (2): 3.3 MB | 2.7 MB
Progress (2): 3.3 MB | 2.7 MB
Progress (2): 3.3 MB | 2.7 MB
Progress (2): 3.3 MB | 2.7 MB
Progress (2): 3.3 MB | 2.7 MB
Progress (2): 3.3 MB | 2.7 MB
Progress (2): 3.3 MB | 2.7 MB
Progress (2): 3.3 MB | 2.7 MB
Progress (2): 3.3 MB | 2.7 MB
                             
Downloaded from aiban-tianyin-core: https://aiban-maven.pkg.coding.net/repository/tianyin/core/org/apache/curator/curator-client/5.7.0/curator-client-5.7.0.jar (3.3 MB at 2.0 MB/s)
Progress (1): 2.7 MB
Progress (1): 2.7 MB
Progress (1): 2.7 MB
Progress (1): 2.8 MB
Progress (1): 2.8 MB
Progress (1): 2.8 MB
Progress (1): 2.8 MB
Progress (1): 2.8 MB
Progress (1): 2.8 MB
Progress (1): 2.8 MB
Progress (1): 2.8 MB
Progress (1): 2.8 MB
Progress (1): 2.8 MB
Progress (1): 2.8 MB
Progress (1): 2.8 MB
Progress (1): 2.8 MB
Progress (1): 2.8 MB
Progress (1): 2.8 MB
Progress (1): 2.8 MB
Progress (1): 2.8 MB
Progress (1): 2.8 MB
Progress (1): 2.8 MB
Progress (1): 2.8 MB
Progress (1): 2.8 MB
Progress (1): 2.8 MB
Progress (1): 2.8 MB
Progress (1): 2.8 MB
Progress (1): 2.9 MB
Progress (1): 2.9 MB
Progress (1): 2.9 MB
Progress (1): 2.9 MB
Progress (1): 2.9 MB
Progress (1): 2.9 MB
Progress (1): 2.9 MB
Progress (1): 2.9 MB
Progress (1): 2.9 MB
Progress (1): 2.9 MB
Progress (1): 2.9 MB
Progress (1): 2.9 MB
Progress (1): 2.9 MB
Progress (1): 2.9 MB
Progress (1): 2.9 MB
Progress (1): 2.9 MB
Progress (1): 2.9 MB
Progress (1): 2.9 MB
Progress (1): 2.9 MB
Progress (1): 2.9 MB
Progress (1): 2.9 MB
Progress (1): 2.9 MB
Progress (1): 2.9 MB
Progress (1): 2.9 MB
Progress (1): 2.9 MB
Progress (1): 3.0 MB
Progress (1): 3.0 MB
Progress (1): 3.0 MB
Progress (1): 3.0 MB
Progress (1): 3.0 MB
Progress (1): 3.0 MB
Progress (1): 3.0 MB
Progress (1): 3.0 MB
Progress (1): 3.0 MB
Progress (1): 3.0 MB
Progress (1): 3.0 MB
Progress (1): 3.0 MB
Progress (1): 3.0 MB
Progress (1): 3.0 MB
Progress (1): 3.0 MB
Progress (1): 3.0 MB
Progress (1): 3.0 MB
Progress (1): 3.0 MB
Progress (1): 3.0 MB
Progress (1): 3.0 MB
Progress (1): 3.0 MB
Progress (1): 3.0 MB
                    
Downloaded from aiban-tianyin-core: https://aiban-maven.pkg.coding.net/repository/tianyin/core/com/google/guava/guava/32.0.0-jre/guava-32.0.0-jre.jar (3.0 MB at 1.7 MB/s)
[[1;34mINFO[m] 
[[1;34mINFO[m] [1m--- [0;32mmaven-clean-plugin:3.4.0:clean[m [1m(default-clean)[m @ [36mcurator-spring-boot-starter[0;1m ---[m
[[1;34mINFO[m] Deleting /Users/wandl/workspaces/workspace-ddd4j/workspace-ddd4j-boot-starters/curator-spring-boot-starter/target
[[1;34mINFO[m] 
[[1;34mINFO[m] [1m--- [0;32mmaven-enforcer-plugin:3.5.0:enforce[m [1m(default-cli)[m @ [36mcurator-spring-boot-starter[0;1m ---[m
[[1;34mINFO[m] Rule 1: org.apache.maven.enforcer.rules.version.RequireJavaVersion passed
[[1;34mINFO[m] [1m------------------------------------------------------------------------[m
[[1;34mINFO[m] [1;31mBUILD FAILURE[m
[[1;34mINFO[m] [1m------------------------------------------------------------------------[m
[[1;34mINFO[m] Total time:  6.368 s
[[1;34mINFO[m] Finished at: 2026-03-16T13:46:12+08:00
[[1;34mINFO[m] [1m------------------------------------------------------------------------[m
[[1;31mERROR[m] Failed to execute goal [32morg.apache.maven.plugins:maven-enforcer-plugin:3.5.0:enforce[m [1m(default-cli)[m on project [36mcurator-spring-boot-starter[m: [1;31m[m
[[1;31mERROR[m] [1;31mRule 0: org.apache.maven.enforcer.rules.version.RequireMavenVersion failed with message:[m
[[1;31mERROR[m] [1;31mYou are running an older version of Maven. This application requires at least Maven 3.9.9.[m
[[1;31mERROR[m] -> [1m[Help 1][m
[[1;31mERROR[m] 
[[1;31mERROR[m] To see the full stack trace of the errors, re-run Maven with the [1m-e[m switch.
[[1;31mERROR[m] Re-run Maven using the [1m-X[m switch to enable full debug logging.
[[1;31mERROR[m] 
[[1;31mERROR[m] For more information about the errors and possible solutions, please read the following articles:
[[1;31mERROR[m] [1m[Help 1][m http://cwiki.apache.org/confluence/display/MAVEN/MojoExecutionException
[curator-spring-boot-starter/3.0.x] 失败 - 查看日志
[[1;34mINFO[m] Scanning for projects...
[[1;34mINFO[m] 
[[1;34mINFO[m] [1m-----------< [0;36mio.github.hiwepy:curator-spring-boot-starter[0;1m >------------[m
[[1;34mINFO[m] [1mBuilding io.github.hiwepy:curator-spring-boot-starter 3.1.x.20251227-SNAPSHOT[m
[[1;34mINFO[m] [1m--------------------------------[ jar ]---------------------------------[m
Downloading from aiban-tianyin-core: https://aiban-maven.pkg.coding.net/repository/tianyin/core/ch/qos/logback/logback-core/1.4.14/logback-core-1.4.14.jar
Downloaded from aiban-tianyin-core: https://aiban-maven.pkg.coding.net/repository/tianyin/core/ch/qos/logback/logback-core/1.4.14/logback-core-1.4.14.jar (0 B at 0 B/s)
[[1;34mINFO[m] 
[[1;34mINFO[m] [1m--- [0;32mmaven-clean-plugin:3.4.0:clean[m [1m(default-clean)[m @ [36mcurator-spring-boot-starter[0;1m ---[m
[[1;34mINFO[m] 
[[1;34mINFO[m] [1m--- [0;32mmaven-enforcer-plugin:3.5.0:enforce[m [1m(default-cli)[m @ [36mcurator-spring-boot-starter[0;1m ---[m
[[1;34mINFO[m] Rule 1: org.apache.maven.enforcer.rules.version.RequireJavaVersion passed
[[1;34mINFO[m] [1m------------------------------------------------------------------------[m
[[1;34mINFO[m] [1;31mBUILD FAILURE[m
[[1;34mINFO[m] [1m------------------------------------------------------------------------[m
[[1;34mINFO[m] Total time:  0.991 s
[[1;34mINFO[m] Finished at: 2026-03-16T13:46:13+08:00
[[1;34mINFO[m] [1m------------------------------------------------------------------------[m
[[1;31mERROR[m] Failed to execute goal [32morg.apache.maven.plugins:maven-enforcer-plugin:3.5.0:enforce[m [1m(default-cli)[m on project [36mcurator-spring-boot-starter[m: [1;31m[m
[[1;31mERROR[m] [1;31mRule 0: org.apache.maven.enforcer.rules.version.RequireMavenVersion failed with message:[m
[[1;31mERROR[m] [1;31mYou are running an older version of Maven. This application requires at least Maven 3.9.9.[m
[[1;31mERROR[m] -> [1m[Help 1][m
[[1;31mERROR[m] 
[[1;31mERROR[m] To see the full stack trace of the errors, re-run Maven with the [1m-e[m switch.
[[1;31mERROR[m] Re-run Maven using the [1m-X[m switch to enable full debug logging.
[[1;31mERROR[m] 
[[1;31mERROR[m] For more information about the errors and possible solutions, please read the following articles:
[[1;31mERROR[m] [1m[Help 1][m http://cwiki.apache.org/confluence/display/MAVEN/MojoExecutionException
[curator-spring-boot-starter/3.1.x] 失败 - 查看日志
[[1;34mINFO[m] Scanning for projects...
[[1;34mINFO[m] 
[[1;34mINFO[m] [1m-----------< [0;36mio.github.hiwepy:curator-spring-boot-starter[0;1m >------------[m
[[1;34mINFO[m] [1mBuilding io.github.hiwepy:curator-spring-boot-starter 3.2.x.20251227-SNAPSHOT[m
[[1;34mINFO[m] [1m--------------------------------[ jar ]---------------------------------[m
Downloading from aiban-tianyin-core: https://aiban-maven.pkg.coding.net/repository/tianyin/core/io/netty/netty-tcnative-classes/2.0.69.Final/netty-tcnative-classes-2.0.69.Final.pom
Downloaded from aiban-tianyin-core: https://aiban-maven.pkg.coding.net/repository/tianyin/core/io/netty/netty-tcnative-classes/2.0.69.Final/netty-tcnative-classes-2.0.69.Final.pom (0 B at 0 B/s)
Downloading from aiban-tianyin-core: https://aiban-maven.pkg.coding.net/repository/tianyin/core/io/netty/netty-tcnative-parent/2.0.69.Final/netty-tcnative-parent-2.0.69.Final.pom
Downloaded from aiban-tianyin-core: https://aiban-maven.pkg.coding.net/repository/tianyin/core/io/netty/netty-tcnative-parent/2.0.69.Final/netty-tcnative-parent-2.0.69.Final.pom (0 B at 0 B/s)
Downloading from aiban-tianyin-core: https://aiban-maven.pkg.coding.net/repository/tianyin/core/io/netty/netty-tcnative-classes/2.0.69.Final/netty-tcnative-classes-2.0.69.Final.jar
Downloading from aiban-tianyin-core: https://aiban-maven.pkg.coding.net/repository/tianyin/core/io/netty/netty-tcnative-boringssl-static/2.0.69.Final/netty-tcnative-boringssl-static-2.0.69.Final-osx-aarch_64.jar
Downloading from aiban-tianyin-core: https://aiban-maven.pkg.coding.net/repository/tianyin/core/io/netty/netty-tcnative-boringssl-static/2.0.69.Final/netty-tcnative-boringssl-static-2.0.69.Final-osx-x86_64.jar
Downloading from aiban-tianyin-core: https://aiban-maven.pkg.coding.net/repository/tianyin/core/io/netty/netty-tcnative-boringssl-static/2.0.69.Final/netty-tcnative-boringssl-static-2.0.69.Final-linux-aarch_64.jar
Downloading from aiban-tianyin-core: https://aiban-maven.pkg.coding.net/repository/tianyin/core/io/netty/netty-tcnative-boringssl-static/2.0.69.Final/netty-tcnative-boringssl-static-2.0.69.Final-linux-x86_64.jar
Downloaded from aiban-tianyin-core: https://aiban-maven.pkg.coding.net/repository/tianyin/core/io/netty/netty-tcnative-classes/2.0.69.Final/netty-tcnative-classes-2.0.69.Final.jar (0 B at 0 B/s)
Downloading from aiban-tianyin-core: https://aiban-maven.pkg.coding.net/repository/tianyin/core/io/netty/netty-tcnative-boringssl-static/2.0.69.Final/netty-tcnative-boringssl-static-2.0.69.Final-windows-x86_64.jar
Downloaded from aiban-tianyin-core: https://aiban-maven.pkg.coding.net/repository/tianyin/core/io/netty/netty-tcnative-boringssl-static/2.0.69.Final/netty-tcnative-boringssl-static-2.0.69.Final-osx-aarch_64.jar (0 B at 0 B/s)
Downloaded from aiban-tianyin-core: https://aiban-maven.pkg.coding.net/repository/tianyin/core/io/netty/netty-tcnative-boringssl-static/2.0.69.Final/netty-tcnative-boringssl-static-2.0.69.Final-osx-x86_64.jar (0 B at 0 B/s)
Downloaded from aiban-tianyin-core: https://aiban-maven.pkg.coding.net/repository/tianyin/core/io/netty/netty-tcnative-boringssl-static/2.0.69.Final/netty-tcnative-boringssl-static-2.0.69.Final-linux-aarch_64.jar (0 B at 0 B/s)
Downloaded from aiban-tianyin-core: https://aiban-maven.pkg.coding.net/repository/tianyin/core/io/netty/netty-tcnative-boringssl-static/2.0.69.Final/netty-tcnative-boringssl-static-2.0.69.Final-linux-x86_64.jar (0 B at 0 B/s)
Downloaded from aiban-tianyin-core: https://aiban-maven.pkg.coding.net/repository/tianyin/core/io/netty/netty-tcnative-boringssl-static/2.0.69.Final/netty-tcnative-boringssl-static-2.0.69.Final-windows-x86_64.jar (0 B at 0 B/s)
[[1;34mINFO[m] 
[[1;34mINFO[m] [1m--- [0;32mmaven-clean-plugin:3.4.0:clean[m [1m(default-clean)[m @ [36mcurator-spring-boot-starter[0;1m ---[m
[[1;34mINFO[m] 
[[1;34mINFO[m] [1m--- [0;32mmaven-enforcer-plugin:3.5.0:enforce[m [1m(default-cli)[m @ [36mcurator-spring-boot-starter[0;1m ---[m
[[1;34mINFO[m] Rule 1: org.apache.maven.enforcer.rules.version.RequireJavaVersion passed
[[1;34mINFO[m] [1m------------------------------------------------------------------------[m
[[1;34mINFO[m] [1;31mBUILD FAILURE[m
[[1;34mINFO[m] [1m------------------------------------------------------------------------[m
[[1;34mINFO[m] Total time:  2.163 s
[[1;34mINFO[m] Finished at: 2026-03-16T13:46:16+08:00
[[1;34mINFO[m] [1m------------------------------------------------------------------------[m
[[1;31mERROR[m] Failed to execute goal [32morg.apache.maven.plugins:maven-enforcer-plugin:3.5.0:enforce[m [1m(default-cli)[m on project [36mcurator-spring-boot-starter[m: [1;31m[m
[[1;31mERROR[m] [1;31mRule 0: org.apache.maven.enforcer.rules.version.RequireMavenVersion failed with message:[m
[[1;31mERROR[m] [1;31mYou are running an older version of Maven. This application requires at least Maven 3.9.9.[m
[[1;31mERROR[m] -> [1m[Help 1][m
[[1;31mERROR[m] 
[[1;31mERROR[m] To see the full stack trace of the errors, re-run Maven with the [1m-e[m switch.
[[1;31mERROR[m] Re-run Maven using the [1m-X[m switch to enable full debug logging.
[[1;31mERROR[m] 
[[1;31mERROR[m] For more information about the errors and possible solutions, please read the following articles:
[[1;31mERROR[m] [1m[Help 1][m http://cwiki.apache.org/confluence/display/MAVEN/MojoExecutionException
[curator-spring-boot-starter/3.2.x] 失败 - 查看日志
[[1;34mINFO[m] Scanning for projects...
[[1;34mINFO[m] 
[[1;34mINFO[m] [1m-----------< [0;36mio.github.hiwepy:curator-spring-boot-starter[0;1m >------------[m
[[1;34mINFO[m] [1mBuilding io.github.hiwepy:curator-spring-boot-starter 3.3.x.20251227-SNAPSHOT[m
[[1;34mINFO[m] [1m--------------------------------[ jar ]---------------------------------[m
[[1;34mINFO[m] 
[[1;34mINFO[m] [1m--- [0;32mmaven-clean-plugin:3.4.0:clean[m [1m(default-clean)[m @ [36mcurator-spring-boot-starter[0;1m ---[m
[[1;34mINFO[m] 
[[1;34mINFO[m] [1m--- [0;32mmaven-enforcer-plugin:3.5.0:enforce[m [1m(default-cli)[m @ [36mcurator-spring-boot-starter[0;1m ---[m
[[1;34mINFO[m] Rule 1: org.apache.maven.enforcer.rules.version.RequireJavaVersion passed
[[1;34mINFO[m] [1m------------------------------------------------------------------------[m
[[1;34mINFO[m] [1;31mBUILD FAILURE[m
[[1;34mINFO[m] [1m------------------------------------------------------------------------[m
[[1;34mINFO[m] Total time:  0.334 s
[[1;34mINFO[m] Finished at: 2026-03-16T13:46:17+08:00
[[1;34mINFO[m] [1m------------------------------------------------------------------------[m
[[1;31mERROR[m] Failed to execute goal [32morg.apache.maven.plugins:maven-enforcer-plugin:3.5.0:enforce[m [1m(default-cli)[m on project [36mcurator-spring-boot-starter[m: [1;31m[m
[[1;31mERROR[m] [1;31mRule 0: org.apache.maven.enforcer.rules.version.RequireMavenVersion failed with message:[m
[[1;31mERROR[m] [1;31mYou are running an older version of Maven. This application requires at least Maven 3.9.9.[m
[[1;31mERROR[m] -> [1m[Help 1][m
[[1;31mERROR[m] 
[[1;31mERROR[m] To see the full stack trace of the errors, re-run Maven with the [1m-e[m switch.
[[1;31mERROR[m] Re-run Maven using the [1m-X[m switch to enable full debug logging.
[[1;31mERROR[m] 
[[1;31mERROR[m] For more information about the errors and possible solutions, please read the following articles:
[[1;31mERROR[m] [1m[Help 1][m http://cwiki.apache.org/confluence/display/MAVEN/MojoExecutionException
[curator-spring-boot-starter/3.3.x] 失败 - 查看日志
[[1;34mINFO[m] Scanning for projects...
[[1;34mINFO[m] 
[[1;34mINFO[m] [1m-----------< [0;36mio.github.hiwepy:curator-spring-boot-starter[0;1m >------------[m
[[1;34mINFO[m] [1mBuilding io.github.hiwepy:curator-spring-boot-starter 3.4.x.20251227-SNAPSHOT[m
[[1;34mINFO[m] [1m--------------------------------[ jar ]---------------------------------[m
Downloading from aiban-tianyin-core: https://aiban-maven.pkg.coding.net/repository/tianyin/core/io/netty/netty-tcnative-boringssl-static/2.0.74.Final/netty-tcnative-boringssl-static-2.0.74.Final.pom
Downloaded from aiban-tianyin-core: https://aiban-maven.pkg.coding.net/repository/tianyin/core/io/netty/netty-tcnative-boringssl-static/2.0.74.Final/netty-tcnative-boringssl-static-2.0.74.Final.pom (0 B at 0 B/s)
Downloading from aiban-tianyin-core: https://aiban-maven.pkg.coding.net/repository/tianyin/core/io/netty/netty-tcnative-classes/2.0.74.Final/netty-tcnative-classes-2.0.74.Final.pom
Downloaded from aiban-tianyin-core: https://aiban-maven.pkg.coding.net/repository/tianyin/core/io/netty/netty-tcnative-classes/2.0.74.Final/netty-tcnative-classes-2.0.74.Final.pom (0 B at 0 B/s)
Downloading from aiban-tianyin-core: https://aiban-maven.pkg.coding.net/repository/tianyin/core/io/netty/netty-tcnative-parent/2.0.74.Final/netty-tcnative-parent-2.0.74.Final.pom
Downloaded from aiban-tianyin-core: https://aiban-maven.pkg.coding.net/repository/tianyin/core/io/netty/netty-tcnative-parent/2.0.74.Final/netty-tcnative-parent-2.0.74.Final.pom (0 B at 0 B/s)
Downloading from aiban-tianyin-core: https://aiban-maven.pkg.coding.net/repository/tianyin/core/io/netty/netty-tcnative-boringssl-static/2.0.74.Final/netty-tcnative-boringssl-static-2.0.74.Final.jar
Downloading from aiban-tianyin-core: https://aiban-maven.pkg.coding.net/repository/tianyin/core/io/netty/netty-tcnative-boringssl-static/2.0.74.Final/netty-tcnative-boringssl-static-2.0.74.Final-osx-x86_64.jar
Downloading from aiban-tianyin-core: https://aiban-maven.pkg.coding.net/repository/tianyin/core/io/netty/netty-tcnative-boringssl-static/2.0.74.Final/netty-tcnative-boringssl-static-2.0.74.Final-linux-aarch_64.jar
Downloading from aiban-tianyin-core: https://aiban-maven.pkg.coding.net/repository/tianyin/core/io/netty/netty-tcnative-boringssl-static/2.0.74.Final/netty-tcnative-boringssl-static-2.0.74.Final-linux-x86_64.jar
Downloading from aiban-tianyin-core: https://aiban-maven.pkg.coding.net/repository/tianyin/core/io/netty/netty-tcnative-classes/2.0.74.Final/netty-tcnative-classes-2.0.74.Final.jar
Downloaded from aiban-tianyin-core: https://aiban-maven.pkg.coding.net/repository/tianyin/core/io/netty/netty-tcnative-boringssl-static/2.0.74.Final/netty-tcnative-boringssl-static-2.0.74.Final.jar (0 B at 0 B/s)
Downloading from aiban-tianyin-core: https://aiban-maven.pkg.coding.net/repository/tianyin/core/io/netty/netty-tcnative-boringssl-static/2.0.74.Final/netty-tcnative-boringssl-static-2.0.74.Final-osx-aarch_64.jar
Downloaded from aiban-tianyin-core: https://aiban-maven.pkg.coding.net/repository/tianyin/core/io/netty/netty-tcnative-boringssl-static/2.0.74.Final/netty-tcnative-boringssl-static-2.0.74.Final-osx-aarch_64.jar (0 B at 0 B/s)
Downloading from aiban-tianyin-core: https://aiban-maven.pkg.coding.net/repository/tianyin/core/io/netty/netty-tcnative-boringssl-static/2.0.74.Final/netty-tcnative-boringssl-static-2.0.74.Final-windows-x86_64.jar
Downloaded from aiban-tianyin-core: https://aiban-maven.pkg.coding.net/repository/tianyin/core/io/netty/netty-tcnative-classes/2.0.74.Final/netty-tcnative-classes-2.0.74.Final.jar (0 B at 0 B/s)
Downloading from aiban-tianyin-core: https://aiban-maven.pkg.coding.net/repository/tianyin/core/ch/qos/logback/logback-core/1.5.22/logback-core-1.5.22.jar
Downloaded from aiban-tianyin-core: https://aiban-maven.pkg.coding.net/repository/tianyin/core/io/netty/netty-tcnative-boringssl-static/2.0.74.Final/netty-tcnative-boringssl-static-2.0.74.Final-linux-x86_64.jar (0 B at 0 B/s)
Downloaded from aiban-tianyin-core: https://aiban-maven.pkg.coding.net/repository/tianyin/core/io/netty/netty-tcnative-boringssl-static/2.0.74.Final/netty-tcnative-boringssl-static-2.0.74.Final-osx-x86_64.jar (0 B at 0 B/s)
Downloaded from aiban-tianyin-core: https://aiban-maven.pkg.coding.net/repository/tianyin/core/io/netty/netty-tcnative-boringssl-static/2.0.74.Final/netty-tcnative-boringssl-static-2.0.74.Final-linux-aarch_64.jar (0 B at 0 B/s)
Downloaded from aiban-tianyin-core: https://aiban-maven.pkg.coding.net/repository/tianyin/core/io/netty/netty-tcnative-boringssl-static/2.0.74.Final/netty-tcnative-boringssl-static-2.0.74.Final-windows-x86_64.jar (0 B at 0 B/s)
Downloaded from aiban-tianyin-core: https://aiban-maven.pkg.coding.net/repository/tianyin/core/ch/qos/logback/logback-core/1.5.22/logback-core-1.5.22.jar (0 B at 0 B/s)
[[1;34mINFO[m] 
[[1;34mINFO[m] [1m--- [0;32mmaven-clean-plugin:3.4.0:clean[m [1m(default-clean)[m @ [36mcurator-spring-boot-starter[0;1m ---[m
[[1;34mINFO[m] 
[[1;34mINFO[m] [1m--- [0;32mmaven-enforcer-plugin:3.5.0:enforce[m [1m(default-cli)[m @ [36mcurator-spring-boot-starter[0;1m ---[m
[[1;34mINFO[m] Rule 1: org.apache.maven.enforcer.rules.version.RequireJavaVersion passed
[[1;34mINFO[m] [1m------------------------------------------------------------------------[m
[[1;34mINFO[m] [1;31mBUILD FAILURE[m
[[1;34mINFO[m] [1m------------------------------------------------------------------------[m
[[1;34mINFO[m] Total time:  1.801 s
[[1;34mINFO[m] Finished at: 2026-03-16T13:46:19+08:00
[[1;34mINFO[m] [1m------------------------------------------------------------------------[m
[[1;31mERROR[m] Failed to execute goal [32morg.apache.maven.plugins:maven-enforcer-plugin:3.5.0:enforce[m [1m(default-cli)[m on project [36mcurator-spring-boot-starter[m: [1;31m[m
[[1;31mERROR[m] [1;31mRule 0: org.apache.maven.enforcer.rules.version.RequireMavenVersion failed with message:[m
[[1;31mERROR[m] [1;31mYou are running an older version of Maven. This application requires at least Maven 3.9.9.[m
[[1;31mERROR[m] -> [1m[Help 1][m
[[1;31mERROR[m] 
[[1;31mERROR[m] To see the full stack trace of the errors, re-run Maven with the [1m-e[m switch.
[[1;31mERROR[m] Re-run Maven using the [1m-X[m switch to enable full debug logging.
[[1;31mERROR[m] 
[[1;31mERROR[m] For more information about the errors and possible solutions, please read the following articles:
[[1;31mERROR[m] [1m[Help 1][m http://cwiki.apache.org/confluence/display/MAVEN/MojoExecutionException
[curator-spring-boot-starter/3.4.x] 失败 - 查看日志
[[1;34mINFO[m] Scanning for projects...
[[1;34mINFO[m] 
[[1;34mINFO[m] [1m-----------< [0;36mio.github.hiwepy:curator-spring-boot-starter[0;1m >------------[m
[[1;34mINFO[m] [1mBuilding io.github.hiwepy:curator-spring-boot-starter 3.5.x.20251227-SNAPSHOT[m
[[1;34mINFO[m] [1m--------------------------------[ jar ]---------------------------------[m
[[1;34mINFO[m] 
[[1;34mINFO[m] [1m--- [0;32mmaven-clean-plugin:3.4.0:clean[m [1m(default-clean)[m @ [36mcurator-spring-boot-starter[0;1m ---[m
[[1;34mINFO[m] 
[[1;34mINFO[m] [1m--- [0;32mmaven-enforcer-plugin:3.5.0:enforce[m [1m(default-cli)[m @ [36mcurator-spring-boot-starter[0;1m ---[m
[[1;34mINFO[m] Rule 1: org.apache.maven.enforcer.rules.version.RequireJavaVersion passed
[[1;34mINFO[m] [1m------------------------------------------------------------------------[m
[[1;34mINFO[m] [1;31mBUILD FAILURE[m
[[1;34mINFO[m] [1m------------------------------------------------------------------------[m
[[1;34mINFO[m] Total time:  0.294 s
[[1;34mINFO[m] Finished at: 2026-03-16T13:46:20+08:00
[[1;34mINFO[m] [1m------------------------------------------------------------------------[m
[[1;31mERROR[m] Failed to execute goal [32morg.apache.maven.plugins:maven-enforcer-plugin:3.5.0:enforce[m [1m(default-cli)[m on project [36mcurator-spring-boot-starter[m: [1;31m[m
[[1;31mERROR[m] [1;31mRule 0: org.apache.maven.enforcer.rules.version.RequireMavenVersion failed with message:[m
[[1;31mERROR[m] [1;31mYou are running an older version of Maven. This application requires at least Maven 3.9.9.[m
[[1;31mERROR[m] -> [1m[Help 1][m
[[1;31mERROR[m] 
[[1;31mERROR[m] To see the full stack trace of the errors, re-run Maven with the [1m-e[m switch.
[[1;31mERROR[m] Re-run Maven using the [1m-X[m switch to enable full debug logging.
[[1;31mERROR[m] 
[[1;31mERROR[m] For more information about the errors and possible solutions, please read the following articles:
[[1;31mERROR[m] [1m[Help 1][m http://cwiki.apache.org/confluence/display/MAVEN/MojoExecutionException
[curator-spring-boot-starter/3.5.x] 失败 - 查看日志
[[1;34mINFO[m] Scanning for projects...
[[1;34mINFO[m] 
[[1;34mINFO[m] [1m-----------< [0;36mio.github.hiwepy:curator-spring-boot-starter[0;1m >------------[m
[[1;34mINFO[m] [1mBuilding io.github.hiwepy:curator-spring-boot-starter 4.0.x.20251227-SNAPSHOT[m
[[1;34mINFO[m] [1m--------------------------------[ jar ]---------------------------------[m
[[1;34mINFO[m] 
[[1;34mINFO[m] [1m--- [0;32mmaven-clean-plugin:3.4.0:clean[m [1m(default-clean)[m @ [36mcurator-spring-boot-starter[0;1m ---[m
[[1;34mINFO[m] 
[[1;34mINFO[m] [1m--- [0;32mmaven-enforcer-plugin:3.5.0:enforce[m [1m(default-cli)[m @ [36mcurator-spring-boot-starter[0;1m ---[m
[[1;34mINFO[m] Rule 1: org.apache.maven.enforcer.rules.version.RequireJavaVersion passed
[[1;34mINFO[m] [1m------------------------------------------------------------------------[m
[[1;34mINFO[m] [1;31mBUILD FAILURE[m
[[1;34mINFO[m] [1m------------------------------------------------------------------------[m
[[1;34mINFO[m] Total time:  0.292 s
[[1;34mINFO[m] Finished at: 2026-03-16T13:46:20+08:00
[[1;34mINFO[m] [1m------------------------------------------------------------------------[m
[[1;31mERROR[m] Failed to execute goal [32morg.apache.maven.plugins:maven-enforcer-plugin:3.5.0:enforce[m [1m(default-cli)[m on project [36mcurator-spring-boot-starter[m: [1;31m[m
[[1;31mERROR[m] [1;31mRule 0: org.apache.maven.enforcer.rules.version.RequireMavenVersion failed with message:[m
[[1;31mERROR[m] [1;31mYou are running an older version of Maven. This application requires at least Maven 3.9.9.[m
[[1;31mERROR[m] -> [1m[Help 1][m
[[1;31mERROR[m] 
[[1;31mERROR[m] To see the full stack trace of the errors, re-run Maven with the [1m-e[m switch.
[[1;31mERROR[m] Re-run Maven using the [1m-X[m switch to enable full debug logging.
[[1;31mERROR[m] 
[[1;31mERROR[m] For more information about the errors and possible solutions, please read the following articles:
[[1;31mERROR[m] [1m[Help 1][m http://cwiki.apache.org/confluence/display/MAVEN/MojoExecutionException
[curator-spring-boot-starter/4.0.x] 失败 - 查看日志
[[1;34mINFO[m] Scanning for projects...
[[1;34mINFO[m] 
[[1;34mINFO[m] [1m-----------< [0;36mio.github.hiwepy:curator-spring-boot-starter[0;1m >------------[m
[[1;34mINFO[m] [1mBuilding io.github.hiwepy:curator-spring-boot-starter 2.0.1-SNAPSHOT[m
[[1;34mINFO[m] [1m--------------------------------[ jar ]---------------------------------[m
Downloading from aiban-tianyin-core: https://aiban-maven.pkg.coding.net/repository/tianyin/core/org/apache/curator/curator-recipes/5.2.1/curator-recipes-5.2.1.pom
Progress (1): 3.6 kB
                    
Downloaded from aiban-tianyin-core: https://aiban-maven.pkg.coding.net/repository/tianyin/core/org/apache/curator/curator-recipes/5.2.1/curator-recipes-5.2.1.pom (3.6 kB at 5.0 kB/s)
Downloading from aiban-tianyin-core: https://aiban-maven.pkg.coding.net/repository/tianyin/core/org/apache/curator/apache-curator/5.2.1/apache-curator-5.2.1.pom
Progress (1): 4.0 kB
Progress (1): 8.1 kB
Progress (1): 12 kB 
Progress (1): 15 kB
Progress (1): 18 kB
Progress (1): 22 kB
Progress (1): 25 kB
Progress (1): 29 kB
Progress (1): 33 kB
Progress (1): 37 kB
Progress (1): 41 kB
Progress (1): 44 kB
                   
Downloaded from aiban-tianyin-core: https://aiban-maven.pkg.coding.net/repository/tianyin/core/org/apache/curator/apache-curator/5.2.1/apache-curator-5.2.1.pom (44 kB at 90 kB/s)
Downloading from aiban-tianyin-core: https://aiban-maven.pkg.coding.net/repository/tianyin/core/org/apache/curator/curator-framework/5.2.1/curator-framework-5.2.1.pom
Progress (1): 2.6 kB
Progress (1): 3.9 kB
                    
Downloaded from aiban-tianyin-core: https://aiban-maven.pkg.coding.net/repository/tianyin/core/org/apache/curator/curator-framework/5.2.1/curator-framework-5.2.1.pom (3.9 kB at 11 kB/s)
Downloading from aiban-tianyin-core: https://aiban-maven.pkg.coding.net/repository/tianyin/core/org/apache/curator/curator-client/5.2.1/curator-client-5.2.1.pom
Progress (1): 4.1 kB
Progress (1): 4.6 kB
                    
Downloaded from aiban-tianyin-core: https://aiban-maven.pkg.coding.net/repository/tianyin/core/org/apache/curator/curator-client/5.2.1/curator-client-5.2.1.pom (4.6 kB at 13 kB/s)
Downloading from aiban-tianyin-core: https://aiban-maven.pkg.coding.net/repository/tianyin/core/org/apache/zookeeper/zookeeper/3.6.3/zookeeper-3.6.3.pom
Progress (1): 2.6 kB
Progress (1): 5.4 kB
Progress (1): 8.3 kB
Progress (1): 9.9 kB
                    
Downloaded from aiban-tianyin-core: https://aiban-maven.pkg.coding.net/repository/tianyin/core/org/apache/zookeeper/zookeeper/3.6.3/zookeeper-3.6.3.pom (9.9 kB at 34 kB/s)
Downloading from aiban-tianyin-core: https://aiban-maven.pkg.coding.net/repository/tianyin/core/org/apache/zookeeper/parent/3.6.3/parent-3.6.3.pom
Progress (1): 2.6 kB
Progress (1): 6.7 kB
Progress (1): 11 kB 
Progress (1): 14 kB
Progress (1): 18 kB
Progress (1): 22 kB
Progress (1): 25 kB
Progress (1): 29 kB
Progress (1): 33 kB
Progress (1): 35 kB
                   
Downloaded from aiban-tianyin-core: https://aiban-maven.pkg.coding.net/repository/tianyin/core/org/apache/zookeeper/parent/3.6.3/parent-3.6.3.pom (35 kB at 118 kB/s)
Downloading from aiban-tianyin-core: https://aiban-maven.pkg.coding.net/repository/tianyin/core/org/apache/zookeeper/zookeeper-jute/3.6.3/zookeeper-jute-3.6.3.pom
Progress (1): 4.1 kB
Progress (1): 5.6 kB
                    
Downloaded from aiban-tianyin-core: https://aiban-maven.pkg.coding.net/repository/tianyin/core/org/apache/zookeeper/zookeeper-jute/3.6.3/zookeeper-jute-3.6.3.pom (5.6 kB at 20 kB/s)
Downloading from aiban-tianyin-core: https://aiban-maven.pkg.coding.net/repository/tianyin/core/io/netty/netty-handler/4.1.70.Final/netty-handler-4.1.70.Final.pom
Progress (1): 2.6 kB
Progress (1): 3.6 kB
                    
Downloaded from aiban-tianyin-core: https://aiban-maven.pkg.coding.net/repository/tianyin/core/io/netty/netty-handler/4.1.70.Final/netty-handler-4.1.70.Final.pom (3.6 kB at 13 kB/s)
Downloading from aiban-tianyin-core: https://aiban-maven.pkg.coding.net/repository/tianyin/core/io/netty/netty-parent/4.1.70.Final/netty-parent-4.1.70.Final.pom
Progress (1): 4.0 kB
Progress (1): 8.1 kB
Progress (1): 12 kB 
Progress (1): 16 kB
Progress (1): 19 kB
Progress (1): 22 kB
Progress (1): 26 kB
Progress (1): 30 kB
Progress (1): 34 kB
Progress (1): 39 kB
Progress (1): 42 kB
Progress (1): 44 kB
Progress (1): 46 kB
Progress (1): 49 kB
Progress (1): 52 kB
Progress (1): 56 kB
Progress (1): 59 kB
Progress (1): 63 kB
Progress (1): 67 kB
Progress (1): 69 kB
                   
Downloaded from aiban-tianyin-core: https://aiban-maven.pkg.coding.net/repository/tianyin/core/io/netty/netty-parent/4.1.70.Final/netty-parent-4.1.70.Final.pom (69 kB at 195 kB/s)
Downloading from aiban-tianyin-core: https://aiban-maven.pkg.coding.net/repository/tianyin/core/io/netty/netty-common/4.1.70.Final/netty-common-4.1.70.Final.pom
Progress (1): 4.1 kB
Progress (1): 8.2 kB
Progress (1): 12 kB 
Progress (1): 12 kB
                   
Downloaded from aiban-tianyin-core: https://aiban-maven.pkg.coding.net/repository/tianyin/core/io/netty/netty-common/4.1.70.Final/netty-common-4.1.70.Final.pom (12 kB at 38 kB/s)
Downloading from aiban-tianyin-core: https://aiban-maven.pkg.coding.net/repository/tianyin/core/io/netty/netty-resolver/4.1.70.Final/netty-resolver-4.1.70.Final.pom
Progress (1): 1.6 kB
                    
Downloaded from aiban-tianyin-core: https://aiban-maven.pkg.coding.net/repository/tianyin/core/io/netty/netty-resolver/4.1.70.Final/netty-resolver-4.1.70.Final.pom (1.6 kB at 5.6 kB/s)
Downloading from aiban-tianyin-core: https://aiban-maven.pkg.coding.net/repository/tianyin/core/io/netty/netty-buffer/4.1.70.Final/netty-buffer-4.1.70.Final.pom
Progress (1): 1.6 kB
                    
Downloaded from aiban-tianyin-core: https://aiban-maven.pkg.coding.net/repository/tianyin/core/io/netty/netty-buffer/4.1.70.Final/netty-buffer-4.1.70.Final.pom (1.6 kB at 5.6 kB/s)
Downloading from aiban-tianyin-core: https://aiban-maven.pkg.coding.net/repository/tianyin/core/io/netty/netty-transport/4.1.70.Final/netty-transport-4.1.70.Final.pom
Progress (1): 1.9 kB
                    
Downloaded from aiban-tianyin-core: https://aiban-maven.pkg.coding.net/repository/tianyin/core/io/netty/netty-transport/4.1.70.Final/netty-transport-4.1.70.Final.pom (1.9 kB at 7.1 kB/s)
Downloading from aiban-tianyin-core: https://aiban-maven.pkg.coding.net/repository/tianyin/core/io/netty/netty-codec/4.1.70.Final/netty-codec-4.1.70.Final.pom
Progress (1): 4.0 kB
Progress (1): 4.4 kB
                    
Downloaded from aiban-tianyin-core: https://aiban-maven.pkg.coding.net/repository/tianyin/core/io/netty/netty-codec/4.1.70.Final/netty-codec-4.1.70.Final.pom (4.4 kB at 16 kB/s)
Downloading from aiban-tianyin-core: https://aiban-maven.pkg.coding.net/repository/tianyin/core/io/netty/netty-transport-native-epoll/4.1.70.Final/netty-transport-native-epoll-4.1.70.Final.pom
Progress (1): 4.0 kB
Progress (1): 8.1 kB
Progress (1): 12 kB 
Progress (1): 15 kB
Progress (1): 18 kB
Progress (1): 18 kB
                   
Downloaded from aiban-tianyin-core: https://aiban-maven.pkg.coding.net/repository/tianyin/core/io/netty/netty-transport-native-epoll/4.1.70.Final/netty-transport-native-epoll-4.1.70.Final.pom (18 kB at 68 kB/s)
Downloading from aiban-tianyin-core: https://aiban-maven.pkg.coding.net/repository/tianyin/core/io/netty/netty-transport-native-unix-common/4.1.70.Final/netty-transport-native-unix-common-4.1.70.Final.pom
Progress (1): 3.8 kB
Progress (1): 6.9 kB
Progress (1): 9.7 kB
Progress (1): 12 kB 
Progress (1): 15 kB
Progress (1): 19 kB
Progress (1): 23 kB
Progress (1): 26 kB
                   
Downloaded from aiban-tianyin-core: https://aiban-maven.pkg.coding.net/repository/tianyin/core/io/netty/netty-transport-native-unix-common/4.1.70.Final/netty-transport-native-unix-common-4.1.70.Final.pom (26 kB at 69 kB/s)
Downloading from aiban-tianyin-core: https://aiban-maven.pkg.coding.net/repository/tianyin/core/io/netty/netty-transport-classes-epoll/4.1.70.Final/netty-transport-classes-epoll-4.1.70.Final.pom
Progress (1): 2.1 kB
                    
Downloaded from aiban-tianyin-core: https://aiban-maven.pkg.coding.net/repository/tianyin/core/io/netty/netty-transport-classes-epoll/4.1.70.Final/netty-transport-classes-epoll-4.1.70.Final.pom (2.1 kB at 6.8 kB/s)
Downloading from aiban-tianyin-core: https://aiban-maven.pkg.coding.net/repository/tianyin/core/org/apache/curator/curator-recipes/5.2.1/curator-recipes-5.2.1.jar
Downloading from aiban-tianyin-core: https://aiban-maven.pkg.coding.net/repository/tianyin/core/org/apache/zookeeper/zookeeper/3.6.3/zookeeper-3.6.3.jar
Downloading from aiban-tianyin-core: https://aiban-maven.pkg.coding.net/repository/tianyin/core/org/apache/curator/curator-client/5.2.1/curator-client-5.2.1.jar
Downloading from aiban-tianyin-core: https://aiban-maven.pkg.coding.net/repository/tianyin/core/org/apache/curator/curator-framework/5.2.1/curator-framework-5.2.1.jar
Downloading from aiban-tianyin-core: https://aiban-maven.pkg.coding.net/repository/tianyin/core/org/apache/zookeeper/zookeeper-jute/3.6.3/zookeeper-jute-3.6.3.jar
Progress (1): 2.6 kB
Progress (1): 6.7 kB
Progress (1): 9.7 kB
Progress (1): 13 kB 
Progress (1): 15 kB
Progress (1): 20 kB
Progress (1): 24 kB
Progress (1): 27 kB
Progress (1): 31 kB
Progress (1): 35 kB
Progress (1): 39 kB
Progress (1): 42 kB
Progress (1): 46 kB
Progress (1): 49 kB
Progress (1): 53 kB
Progress (1): 57 kB
Progress (1): 61 kB
Progress (1): 65 kB
Progress (1): 69 kB
Progress (1): 73 kB
Progress (1): 76 kB
Progress (1): 79 kB
Progress (1): 82 kB
Progress (1): 84 kB
Progress (1): 87 kB
Progress (1): 90 kB
Progress (1): 93 kB
Progress (1): 96 kB
Progress (1): 99 kB
Progress (1): 103 kB
Progress (1): 106 kB
Progress (1): 109 kB
Progress (1): 113 kB
Progress (1): 117 kB
Progress (1): 120 kB
Progress (1): 125 kB
Progress (1): 128 kB
Progress (1): 130 kB
Progress (1): 133 kB
Progress (1): 137 kB
Progress (1): 140 kB
Progress (1): 143 kB
Progress (1): 147 kB
Progress (1): 150 kB
Progress (1): 153 kB
Progress (1): 156 kB
Progress (1): 160 kB
Progress (1): 163 kB
Progress (1): 167 kB
Progress (1): 171 kB
Progress (1): 175 kB
Progress (1): 177 kB
Progress (1): 181 kB
Progress (1): 184 kB
Progress (1): 189 kB
Progress (1): 192 kB
Progress (1): 194 kB
Progress (1): 197 kB
Progress (1): 200 kB
Progress (1): 202 kB
Progress (1): 205 kB
Progress (1): 208 kB
Progress (1): 212 kB
Progress (1): 216 kB
Progress (1): 220 kB
Progress (1): 224 kB
Progress (1): 228 kB
Progress (1): 232 kB
Progress (1): 236 kB
Progress (1): 241 kB
Progress (1): 245 kB
Progress (1): 249 kB
Progress (1): 253 kB
Progress (1): 257 kB
Progress (1): 261 kB
Progress (1): 265 kB
Progress (1): 269 kB
Progress (1): 273 kB
Progress (1): 277 kB
Progress (1): 282 kB
Progress (1): 286 kB
Progress (1): 290 kB
Progress (1): 294 kB
Progress (1): 298 kB
Progress (1): 302 kB
Progress (1): 306 kB
Progress (1): 310 kB
Progress (1): 314 kB
Progress (1): 317 kB
Progress (2): 317 kB | 4.0 kB
Progress (2): 317 kB | 8.1 kB
Progress (2): 317 kB | 11 kB 
Progress (2): 317 kB | 14 kB
Progress (2): 317 kB | 18 kB
Progress (2): 317 kB | 21 kB
Progress (2): 317 kB | 24 kB
Progress (2): 317 kB | 27 kB
Progress (2): 317 kB | 29 kB
Progress (2): 317 kB | 33 kB
Progress (2): 317 kB | 36 kB
Progress (2): 317 kB | 39 kB
Progress (2): 317 kB | 43 kB
Progress (2): 317 kB | 47 kB
Progress (2): 317 kB | 51 kB
Progress (2): 317 kB | 55 kB
Progress (2): 317 kB | 59 kB
Progress (2): 317 kB | 64 kB
Progress (2): 317 kB | 68 kB
Progress (2): 317 kB | 72 kB
Progress (2): 317 kB | 76 kB
Progress (2): 317 kB | 80 kB
Progress (2): 317 kB | 84 kB
Progress (2): 317 kB | 88 kB
Progress (2): 317 kB | 92 kB
Progress (2): 317 kB | 96 kB
Progress (2): 317 kB | 100 kB
Progress (2): 317 kB | 104 kB
Progress (2): 317 kB | 109 kB
Progress (2): 317 kB | 113 kB
Progress (2): 317 kB | 117 kB
Progress (2): 317 kB | 121 kB
Progress (2): 317 kB | 125 kB
Progress (2): 317 kB | 129 kB
Progress (2): 317 kB | 133 kB
Progress (2): 317 kB | 137 kB
Progress (2): 317 kB | 141 kB
Progress (2): 317 kB | 145 kB
Progress (2): 317 kB | 150 kB
Progress (2): 317 kB | 154 kB
Progress (2): 317 kB | 158 kB
Progress (3): 317 kB | 158 kB | 2.6 kB
Progress (3): 317 kB | 162 kB | 2.6 kB
Progress (3): 317 kB | 162 kB | 6.7 kB
Progress (3): 317 kB | 166 kB | 6.7 kB
Progress (3): 317 kB | 166 kB | 11 kB 
Progress (3): 317 kB | 170 kB | 11 kB
Progress (3): 317 kB | 174 kB | 11 kB
Progress (3): 317 kB | 178 kB | 11 kB
Progress (3): 317 kB | 182 kB | 11 kB
Progress (3): 317 kB | 186 kB | 11 kB
Progress (3): 317 kB | 190 kB | 11 kB
Progress (3): 317 kB | 195 kB | 11 kB
Progress (3): 317 kB | 199 kB | 11 kB
Progress (3): 317 kB | 203 kB | 11 kB
Progress (3): 317 kB | 207 kB | 11 kB
Progress (3): 317 kB | 211 kB | 11 kB
Progress (3): 317 kB | 215 kB | 11 kB
Progress (3): 317 kB | 219 kB | 11 kB
Progress (3): 317 kB | 223 kB | 11 kB
Progress (3): 317 kB | 227 kB | 11 kB
Progress (3): 317 kB | 231 kB | 11 kB
Progress (3): 317 kB | 236 kB | 11 kB
Progress (3): 317 kB | 240 kB | 11 kB
Progress (3): 317 kB | 244 kB | 11 kB
Progress (3): 317 kB | 248 kB | 11 kB
Progress (3): 317 kB | 250 kB | 11 kB
Progress (3): 317 kB | 250 kB | 14 kB
Progress (3): 317 kB | 250 kB | 17 kB
Progress (3): 317 kB | 250 kB | 21 kB
Progress (3): 317 kB | 250 kB | 25 kB
Progress (3): 317 kB | 250 kB | 29 kB
Progress (3): 317 kB | 250 kB | 33 kB
Progress (3): 317 kB | 250 kB | 37 kB
Progress (3): 317 kB | 250 kB | 40 kB
Progress (3): 317 kB | 250 kB | 44 kB
Progress (3): 317 kB | 250 kB | 49 kB
Progress (3): 317 kB | 250 kB | 53 kB
Progress (4): 317 kB | 250 kB | 53 kB | 2.6 kB
Progress (4): 317 kB | 250 kB | 57 kB | 2.6 kB
Progress (4): 317 kB | 250 kB | 57 kB | 6.7 kB
Progress (4): 317 kB | 250 kB | 57 kB | 11 kB 
Progress (4): 317 kB | 250 kB | 61 kB | 11 kB
Progress (4): 317 kB | 250 kB | 61 kB | 13 kB
Progress (4): 317 kB | 250 kB | 61 kB | 16 kB
Progress (4): 317 kB | 250 kB | 61 kB | 20 kB
Progress (4): 317 kB | 250 kB | 65 kB | 20 kB
Progress (4): 317 kB | 250 kB | 65 kB | 24 kB
Progress (4): 317 kB | 250 kB | 69 kB | 24 kB
Progress (4): 317 kB | 250 kB | 69 kB | 29 kB
Progress (4): 317 kB | 250 kB | 71 kB | 29 kB
Progress (4): 317 kB | 250 kB | 71 kB | 32 kB
Progress (4): 317 kB | 250 kB | 74 kB | 32 kB
Progress (4): 317 kB | 250 kB | 78 kB | 32 kB
Progress (4): 317 kB | 250 kB | 78 kB | 36 kB
Progress (4): 317 kB | 250 kB | 78 kB | 40 kB
Progress (4): 317 kB | 250 kB | 78 kB | 44 kB
Progress (4): 317 kB | 250 kB | 78 kB | 48 kB
Progress (4): 317 kB | 250 kB | 78 kB | 52 kB
Progress (4): 317 kB | 250 kB | 82 kB | 52 kB
Progress (4): 317 kB | 250 kB | 82 kB | 57 kB
Progress (4): 317 kB | 250 kB | 86 kB | 57 kB
Progress (4): 317 kB | 250 kB | 86 kB | 61 kB
Progress (4): 317 kB | 250 kB | 91 kB | 61 kB
Progress (4): 317 kB | 250 kB | 91 kB | 65 kB
Progress (4): 317 kB | 250 kB | 95 kB | 65 kB
Progress (4): 317 kB | 250 kB | 95 kB | 69 kB
Progress (4): 317 kB | 250 kB | 99 kB | 69 kB
Progress (4): 317 kB | 250 kB | 99 kB | 73 kB
Progress (4): 317 kB | 250 kB | 99 kB | 77 kB
Progress (4): 317 kB | 250 kB | 99 kB | 81 kB
Progress (4): 317 kB | 250 kB | 99 kB | 85 kB
Progress (4): 317 kB | 250 kB | 99 kB | 89 kB
Progress (4): 317 kB | 250 kB | 99 kB | 93 kB
Progress (4): 317 kB | 250 kB | 99 kB | 98 kB
Progress (4): 317 kB | 250 kB | 99 kB | 102 kB
Progress (4): 317 kB | 250 kB | 99 kB | 106 kB
Progress (4): 317 kB | 250 kB | 99 kB | 110 kB
Progress (4): 317 kB | 250 kB | 99 kB | 114 kB
Progress (4): 317 kB | 250 kB | 99 kB | 118 kB
Progress (4): 317 kB | 250 kB | 99 kB | 122 kB
Progress (4): 317 kB | 250 kB | 99 kB | 126 kB
Progress (4): 317 kB | 250 kB | 99 kB | 130 kB
Progress (4): 317 kB | 250 kB | 99 kB | 134 kB
Progress (4): 317 kB | 250 kB | 99 kB | 138 kB
Progress (4): 317 kB | 250 kB | 99 kB | 143 kB
Progress (4): 317 kB | 250 kB | 99 kB | 147 kB
Progress (4): 317 kB | 250 kB | 99 kB | 151 kB
Progress (4): 317 kB | 250 kB | 99 kB | 155 kB
Progress (4): 317 kB | 250 kB | 99 kB | 159 kB
Progress (4): 317 kB | 250 kB | 99 kB | 163 kB
Progress (4): 317 kB | 250 kB | 99 kB | 167 kB
Progress (4): 317 kB | 250 kB | 99 kB | 171 kB
Progress (4): 317 kB | 250 kB | 99 kB | 175 kB
Progress (4): 317 kB | 250 kB | 99 kB | 179 kB
Progress (4): 317 kB | 250 kB | 99 kB | 184 kB
Progress (4): 317 kB | 250 kB | 99 kB | 188 kB
Progress (4): 317 kB | 250 kB | 99 kB | 192 kB
Progress (4): 317 kB | 250 kB | 103 kB | 192 kB
Progress (4): 317 kB | 250 kB | 103 kB | 196 kB
Progress (4): 317 kB | 250 kB | 103 kB | 200 kB
Progress (4): 317 kB | 250 kB | 103 kB | 204 kB
Progress (4): 317 kB | 250 kB | 107 kB | 204 kB
Progress (4): 317 kB | 250 kB | 111 kB | 204 kB
Progress (4): 317 kB | 250 kB | 115 kB | 204 kB
Progress (4): 317 kB | 250 kB | 115 kB | 208 kB
Progress (4): 317 kB | 250 kB | 119 kB | 208 kB
Progress (4): 317 kB | 250 kB | 119 kB | 212 kB
Progress (4): 317 kB | 250 kB | 119 kB | 216 kB
Progress (4): 317 kB | 250 kB | 119 kB | 220 kB
Progress (4): 317 kB | 250 kB | 119 kB | 224 kB
Progress (4): 317 kB | 250 kB | 119 kB | 229 kB
Progress (4): 317 kB | 250 kB | 119 kB | 233 kB
Progress (4): 317 kB | 250 kB | 119 kB | 237 kB
Progress (4): 317 kB | 250 kB | 119 kB | 241 kB
Progress (4): 317 kB | 250 kB | 119 kB | 245 kB
Progress (4): 317 kB | 250 kB | 119 kB | 249 kB
Progress (4): 317 kB | 250 kB | 119 kB | 253 kB
Progress (4): 317 kB | 250 kB | 119 kB | 257 kB
Progress (4): 317 kB | 250 kB | 119 kB | 261 kB
Progress (4): 317 kB | 250 kB | 119 kB | 265 kB
Progress (4): 317 kB | 250 kB | 119 kB | 270 kB
Progress (4): 317 kB | 250 kB | 119 kB | 274 kB
Progress (4): 317 kB | 250 kB | 119 kB | 278 kB
Progress (4): 317 kB | 250 kB | 119 kB | 282 kB
Progress (4): 317 kB | 250 kB | 119 kB | 286 kB
Progress (4): 317 kB | 250 kB | 119 kB | 290 kB
Progress (4): 317 kB | 250 kB | 119 kB | 294 kB
Progress (4): 317 kB | 250 kB | 119 kB | 298 kB
Progress (4): 317 kB | 250 kB | 119 kB | 302 kB
Progress (4): 317 kB | 250 kB | 119 kB | 306 kB
Progress (4): 317 kB | 250 kB | 119 kB | 310 kB
Progress (4): 317 kB | 250 kB | 119 kB | 315 kB
Progress (4): 317 kB | 250 kB | 119 kB | 319 kB
Progress (4): 317 kB | 250 kB | 119 kB | 323 kB
Progress (4): 317 kB | 250 kB | 119 kB | 327 kB
Progress (4): 317 kB | 250 kB | 119 kB | 331 kB
Progress (4): 317 kB | 250 kB | 119 kB | 335 kB
Progress (4): 317 kB | 250 kB | 119 kB | 339 kB
Progress (4): 317 kB | 250 kB | 119 kB | 343 kB
Progress (4): 317 kB | 250 kB | 119 kB | 347 kB
Progress (4): 317 kB | 250 kB | 119 kB | 351 kB
Progress (4): 317 kB | 250 kB | 119 kB | 356 kB
Progress (4): 317 kB | 250 kB | 123 kB | 356 kB
Progress (4): 317 kB | 250 kB | 123 kB | 360 kB
Progress (4): 317 kB | 250 kB | 123 kB | 364 kB
Progress (4): 317 kB | 250 kB | 123 kB | 368 kB
Progress (4): 317 kB | 250 kB | 123 kB | 372 kB
Progress (4): 317 kB | 250 kB | 123 kB | 376 kB
Progress (4): 317 kB | 250 kB | 123 kB | 380 kB
Progress (4): 317 kB | 250 kB | 123 kB | 384 kB
Progress (4): 317 kB | 250 kB | 123 kB | 388 kB
Progress (4): 317 kB | 250 kB | 123 kB | 392 kB
Progress (4): 317 kB | 250 kB | 123 kB | 397 kB
Progress (4): 317 kB | 250 kB | 123 kB | 401 kB
Progress (4): 317 kB | 250 kB | 123 kB | 405 kB
Progress (4): 317 kB | 250 kB | 123 kB | 409 kB
Progress (4): 317 kB | 250 kB | 123 kB | 413 kB
Progress (4): 317 kB | 250 kB | 123 kB | 417 kB
Progress (4): 317 kB | 250 kB | 123 kB | 421 kB
Progress (4): 317 kB | 250 kB | 123 kB | 425 kB
Progress (4): 317 kB | 250 kB | 123 kB | 429 kB
Progress (4): 317 kB | 250 kB | 123 kB | 433 kB
Progress (4): 317 kB | 250 kB | 123 kB | 437 kB
Progress (4): 317 kB | 250 kB | 123 kB | 442 kB
Progress (4): 317 kB | 250 kB | 123 kB | 446 kB
Progress (4): 317 kB | 250 kB | 123 kB | 450 kB
Progress (4): 317 kB | 250 kB | 123 kB | 454 kB
Progress (4): 317 kB | 250 kB | 123 kB | 458 kB
Progress (4): 317 kB | 250 kB | 123 kB | 462 kB
Progress (4): 317 kB | 250 kB | 123 kB | 466 kB
Progress (4): 317 kB | 250 kB | 123 kB | 470 kB
Progress (4): 317 kB | 250 kB | 123 kB | 474 kB
Progress (4): 317 kB | 250 kB | 127 kB | 474 kB
Progress (4): 317 kB | 250 kB | 127 kB | 478 kB
Progress (4): 317 kB | 250 kB | 127 kB | 483 kB
Progress (4): 317 kB | 250 kB | 127 kB | 487 kB
Progress (4): 317 kB | 250 kB | 131 kB | 487 kB
Progress (4): 317 kB | 250 kB | 131 kB | 491 kB
Progress (4): 317 kB | 250 kB | 131 kB | 495 kB
Progress (4): 317 kB | 250 kB | 136 kB | 495 kB
Progress (4): 317 kB | 250 kB | 136 kB | 499 kB
Progress (4): 317 kB | 250 kB | 136 kB | 503 kB
Progress (4): 317 kB | 250 kB | 136 kB | 507 kB
Progress (4): 317 kB | 250 kB | 136 kB | 511 kB
Progress (4): 317 kB | 250 kB | 136 kB | 515 kB
Progress (4): 317 kB | 250 kB | 136 kB | 519 kB
Progress (4): 317 kB | 250 kB | 140 kB | 519 kB
Progress (4): 317 kB | 250 kB | 140 kB | 523 kB
Progress (4): 317 kB | 250 kB | 140 kB | 528 kB
Progress (4): 317 kB | 250 kB | 140 kB | 532 kB
Progress (4): 317 kB | 250 kB | 140 kB | 536 kB
Progress (4): 317 kB | 250 kB | 140 kB | 540 kB
Progress (4): 317 kB | 250 kB | 140 kB | 544 kB
Progress (4): 317 kB | 250 kB | 140 kB | 548 kB
Progress (4): 317 kB | 250 kB | 140 kB | 552 kB
Progress (4): 317 kB | 250 kB | 140 kB | 556 kB
Progress (4): 317 kB | 250 kB | 140 kB | 560 kB
Progress (4): 317 kB | 250 kB | 140 kB | 564 kB
Progress (4): 317 kB | 250 kB | 140 kB | 569 kB
Progress (4): 317 kB | 250 kB | 140 kB | 573 kB
Progress (4): 317 kB | 250 kB | 140 kB | 577 kB
Progress (4): 317 kB | 250 kB | 140 kB | 581 kB
Progress (4): 317 kB | 250 kB | 140 kB | 585 kB
Progress (4): 317 kB | 250 kB | 140 kB | 589 kB
Progress (4): 317 kB | 250 kB | 140 kB | 593 kB
Progress (4): 317 kB | 250 kB | 140 kB | 597 kB
Progress (4): 317 kB | 250 kB | 140 kB | 601 kB
Progress (4): 317 kB | 250 kB | 140 kB | 605 kB
Progress (4): 317 kB | 250 kB | 140 kB | 610 kB
Progress (4): 317 kB | 250 kB | 140 kB | 614 kB
Progress (4): 317 kB | 250 kB | 140 kB | 618 kB
Progress (4): 317 kB | 250 kB | 140 kB | 622 kB
Progress (4): 317 kB | 250 kB | 140 kB | 626 kB
Progress (4): 317 kB | 250 kB | 140 kB | 630 kB
Progress (4): 317 kB | 250 kB | 140 kB | 634 kB
Progress (4): 317 kB | 250 kB | 140 kB | 638 kB
Progress (4): 317 kB | 250 kB | 140 kB | 642 kB
Progress (4): 317 kB | 250 kB | 140 kB | 646 kB
Progress (4): 317 kB | 250 kB | 140 kB | 650 kB
Progress (4): 317 kB | 250 kB | 140 kB | 655 kB
Progress (4): 317 kB | 250 kB | 140 kB | 659 kB
                                               
Downloaded from aiban-tianyin-core: https://aiban-maven.pkg.coding.net/repository/tianyin/core/org/apache/zookeeper/zookeeper-jute/3.6.3/zookeeper-jute-3.6.3.jar (250 kB at 406 kB/s)
Downloading from aiban-tianyin-core: https://aiban-maven.pkg.coding.net/repository/tianyin/core/io/netty/netty-handler/4.1.70.Final/netty-handler-4.1.70.Final.jar
Progress (3): 317 kB | 140 kB | 663 kB
Progress (3): 317 kB | 140 kB | 667 kB
Progress (3): 317 kB | 140 kB | 671 kB
Progress (3): 317 kB | 140 kB | 675 kB
Progress (3): 317 kB | 140 kB | 679 kB
Progress (3): 317 kB | 140 kB | 682 kB
Progress (3): 317 kB | 140 kB | 685 kB
                                      
Downloaded from aiban-tianyin-core: https://aiban-maven.pkg.coding.net/repository/tianyin/core/org/apache/curator/curator-recipes/5.2.1/curator-recipes-5.2.1.jar (317 kB at 508 kB/s)
Progress (2): 140 kB | 689 kB
                             
Downloading from aiban-tianyin-core: https://aiban-maven.pkg.coding.net/repository/tianyin/core/io/netty/netty-common/4.1.70.Final/netty-common-4.1.70.Final.jar
Progress (2): 140 kB | 692 kB
Progress (2): 140 kB | 695 kB
Progress (2): 140 kB | 699 kB
Progress (2): 140 kB | 703 kB
Progress (2): 140 kB | 707 kB
Progress (2): 140 kB | 712 kB
Progress (2): 140 kB | 716 kB
Progress (2): 140 kB | 720 kB
Progress (2): 140 kB | 724 kB
Progress (2): 140 kB | 728 kB
Progress (2): 140 kB | 732 kB
Progress (2): 140 kB | 736 kB
Progress (2): 140 kB | 740 kB
Progress (2): 140 kB | 744 kB
Progress (2): 140 kB | 748 kB
Progress (2): 140 kB | 752 kB
Progress (2): 140 kB | 757 kB
Progress (2): 140 kB | 761 kB
Progress (2): 140 kB | 765 kB
Progress (2): 140 kB | 769 kB
Progress (2): 144 kB | 769 kB
Progress (2): 144 kB | 773 kB
Progress (2): 144 kB | 777 kB
Progress (2): 144 kB | 781 kB
Progress (2): 144 kB | 785 kB
Progress (2): 144 kB | 789 kB
Progress (2): 144 kB | 793 kB
Progress (2): 144 kB | 798 kB
Progress (2): 144 kB | 802 kB
Progress (2): 144 kB | 806 kB
Progress (2): 144 kB | 809 kB
Progress (2): 144 kB | 812 kB
Progress (2): 144 kB | 816 kB
Progress (2): 144 kB | 820 kB
Progress (2): 144 kB | 824 kB
Progress (2): 144 kB | 828 kB
Progress (2): 144 kB | 832 kB
Progress (2): 148 kB | 832 kB
Progress (2): 148 kB | 836 kB
Progress (2): 152 kB | 836 kB
Progress (2): 152 kB | 841 kB
Progress (2): 152 kB | 845 kB
Progress (2): 152 kB | 849 kB
Progress (2): 152 kB | 853 kB
Progress (2): 152 kB | 856 kB
Progress (2): 152 kB | 860 kB
Progress (2): 152 kB | 864 kB
Progress (2): 152 kB | 868 kB
Progress (2): 152 kB | 872 kB
Progress (2): 152 kB | 876 kB
Progress (2): 152 kB | 880 kB
Progress (2): 152 kB | 884 kB
Progress (2): 152 kB | 888 kB
Progress (2): 152 kB | 892 kB
Progress (2): 152 kB | 896 kB
Progress (2): 152 kB | 900 kB
Progress (2): 152 kB | 904 kB
Progress (2): 152 kB | 908 kB
Progress (2): 152 kB | 912 kB
Progress (2): 152 kB | 916 kB
Progress (2): 156 kB | 916 kB
Progress (2): 160 kB | 916 kB
Progress (2): 164 kB | 916 kB
Progress (2): 164 kB | 920 kB
Progress (2): 164 kB | 924 kB
Progress (2): 164 kB | 929 kB
Progress (2): 164 kB | 933 kB
Progress (2): 164 kB | 937 kB
Progress (2): 164 kB | 941 kB
Progress (2): 164 kB | 945 kB
Progress (2): 164 kB | 947 kB
Progress (2): 164 kB | 950 kB
Progress (2): 164 kB | 953 kB
Progress (2): 164 kB | 956 kB
Progress (2): 164 kB | 959 kB
Progress (2): 164 kB | 963 kB
Progress (2): 164 kB | 967 kB
Progress (2): 164 kB | 971 kB
Progress (2): 164 kB | 975 kB
Progress (2): 164 kB | 979 kB
Progress (2): 164 kB | 983 kB
Progress (2): 164 kB | 987 kB
Progress (2): 164 kB | 991 kB
Progress (2): 164 kB | 995 kB
Progress (2): 164 kB | 1000 kB
Progress (2): 164 kB | 1.0 MB 
Progress (2): 164 kB | 1.0 MB
Progress (2): 164 kB | 1.0 MB
Progress (2): 164 kB | 1.0 MB
Progress (2): 164 kB | 1.0 MB
Progress (2): 164 kB | 1.0 MB
Progress (2): 164 kB | 1.0 MB
Progress (2): 164 kB | 1.0 MB
Progress (2): 164 kB | 1.0 MB
Progress (2): 164 kB | 1.0 MB
Progress (2): 164 kB | 1.0 MB
Progress (2): 164 kB | 1.0 MB
Progress (2): 164 kB | 1.0 MB
Progress (2): 164 kB | 1.1 MB
Progress (2): 164 kB | 1.1 MB
Progress (2): 164 kB | 1.1 MB
Progress (2): 164 kB | 1.1 MB
Progress (2): 164 kB | 1.1 MB
Progress (2): 164 kB | 1.1 MB
Progress (2): 164 kB | 1.1 MB
Progress (2): 164 kB | 1.1 MB
Progress (2): 164 kB | 1.1 MB
Progress (2): 164 kB | 1.1 MB
Progress (2): 164 kB | 1.1 MB
Progress (2): 164 kB | 1.1 MB
Progress (2): 164 kB | 1.1 MB
Progress (2): 164 kB | 1.1 MB
Progress (2): 164 kB | 1.1 MB
Progress (2): 164 kB | 1.1 MB
Progress (2): 164 kB | 1.1 MB
Progress (2): 164 kB | 1.1 MB
Progress (2): 164 kB | 1.1 MB
Progress (2): 164 kB | 1.1 MB
Progress (2): 164 kB | 1.1 MB
Progress (2): 164 kB | 1.1 MB
Progress (2): 164 kB | 1.1 MB
Progress (2): 164 kB | 1.1 MB
Progress (2): 164 kB | 1.1 MB
Progress (2): 164 kB | 1.2 MB
Progress (2): 164 kB | 1.2 MB
Progress (2): 164 kB | 1.2 MB
Progress (2): 164 kB | 1.2 MB
Progress (2): 164 kB | 1.2 MB
Progress (2): 164 kB | 1.2 MB
Progress (2): 164 kB | 1.2 MB
Progress (2): 164 kB | 1.2 MB
Progress (2): 168 kB | 1.2 MB
Progress (2): 168 kB | 1.2 MB
Progress (2): 168 kB | 1.2 MB
Progress (2): 168 kB | 1.2 MB
Progress (2): 168 kB | 1.2 MB
Progress (2): 172 kB | 1.2 MB
Progress (2): 172 kB | 1.2 MB
Progress (2): 172 kB | 1.2 MB
Progress (2): 172 kB | 1.2 MB
Progress (2): 172 kB | 1.2 MB
Progress (2): 172 kB | 1.2 MB
Progress (2): 172 kB | 1.2 MB
Progress (2): 172 kB | 1.2 MB
Progress (2): 172 kB | 1.2 MB
Progress (2): 177 kB | 1.2 MB
Progress (2): 177 kB | 1.2 MB
Progress (2): 181 kB | 1.2 MB
Progress (2): 181 kB | 1.2 MB
Progress (2): 185 kB | 1.2 MB
Progress (2): 185 kB | 1.2 MB
Progress (2): 185 kB | 1.2 MB
Progress (2): 185 kB | 1.2 MB
Progress (2): 185 kB | 1.3 MB
Progress (2): 185 kB | 1.3 MB
Progress (2): 189 kB | 1.3 MB
Progress (2): 193 kB | 1.3 MB
Progress (2): 197 kB | 1.3 MB
Progress (2): 201 kB | 1.3 MB
Progress (2): 205 kB | 1.3 MB
Progress (2): 209 kB | 1.3 MB
Progress (2): 213 kB | 1.3 MB
Progress (2): 218 kB | 1.3 MB
Progress (2): 222 kB | 1.3 MB
Progress (2): 226 kB | 1.3 MB
Progress (2): 230 kB | 1.3 MB
Progress (2): 234 kB | 1.3 MB
Progress (3): 234 kB | 1.3 MB | 2.6 kB
Progress (3): 234 kB | 1.3 MB | 5.4 kB
Progress (3): 234 kB | 1.3 MB | 8.3 kB
Progress (3): 234 kB | 1.3 MB | 12 kB 
Progress (3): 234 kB | 1.3 MB | 16 kB
Progress (3): 234 kB | 1.3 MB | 21 kB
Progress (3): 234 kB | 1.3 MB | 25 kB
Progress (3): 234 kB | 1.3 MB | 29 kB
Progress (3): 234 kB | 1.3 MB | 33 kB
Progress (3): 234 kB | 1.3 MB | 37 kB
Progress (3): 234 kB | 1.3 MB | 39 kB
Progress (3): 234 kB | 1.3 MB | 43 kB
Progress (3): 238 kB | 1.3 MB | 43 kB
Progress (3): 238 kB | 1.3 MB | 46 kB
Progress (3): 238 kB | 1.3 MB | 50 kB
Progress (3): 238 kB | 1.3 MB | 54 kB
Progress (3): 238 kB | 1.3 MB | 58 kB
Progress (3): 238 kB | 1.3 MB | 62 kB
Progress (3): 238 kB | 1.3 MB | 66 kB
Progress (3): 238 kB | 1.3 MB | 69 kB
Progress (3): 238 kB | 1.3 MB | 71 kB
Progress (3): 242 kB | 1.3 MB | 71 kB
Progress (3): 242 kB | 1.3 MB | 75 kB
Progress (3): 242 kB | 1.3 MB | 78 kB
Progress (3): 242 kB | 1.3 MB | 82 kB
Progress (3): 242 kB | 1.3 MB | 87 kB
Progress (3): 242 kB | 1.3 MB | 91 kB
Progress (3): 242 kB | 1.3 MB | 94 kB
Progress (3): 242 kB | 1.3 MB | 97 kB
Progress (3): 242 kB | 1.3 MB | 99 kB
Progress (3): 242 kB | 1.3 MB | 102 kB
Progress (3): 242 kB | 1.3 MB | 106 kB
Progress (3): 242 kB | 1.3 MB | 109 kB
Progress (3): 242 kB | 1.3 MB | 112 kB
Progress (3): 242 kB | 1.3 MB | 116 kB
Progress (3): 242 kB | 1.3 MB | 119 kB
Progress (3): 246 kB | 1.3 MB | 119 kB
Progress (3): 246 kB | 1.3 MB | 123 kB
Progress (3): 250 kB | 1.3 MB | 123 kB
Progress (3): 250 kB | 1.3 MB | 127 kB
Progress (3): 254 kB | 1.3 MB | 127 kB
Progress (3): 254 kB | 1.3 MB | 131 kB
Progress (3): 254 kB | 1.3 MB | 133 kB
Progress (3): 254 kB | 1.3 MB | 136 kB
Progress (3): 254 kB | 1.3 MB | 140 kB
Progress (3): 254 kB | 1.3 MB | 144 kB
Progress (3): 254 kB | 1.3 MB | 148 kB
Progress (3): 254 kB | 1.3 MB | 152 kB
Progress (3): 254 kB | 1.3 MB | 156 kB
Progress (3): 254 kB | 1.3 MB | 160 kB
Progress (3): 254 kB | 1.3 MB | 164 kB
Progress (3): 254 kB | 1.3 MB | 167 kB
Progress (3): 254 kB | 1.3 MB | 169 kB
Progress (3): 254 kB | 1.3 MB | 173 kB
Progress (3): 254 kB | 1.3 MB | 175 kB
Progress (3): 254 kB | 1.3 MB | 178 kB
Progress (3): 254 kB | 1.3 MB | 181 kB
Progress (3): 254 kB | 1.3 MB | 184 kB
Progress (3): 254 kB | 1.3 MB | 188 kB
Progress (3): 254 kB | 1.3 MB | 193 kB
Progress (3): 254 kB | 1.3 MB | 197 kB
Progress (3): 254 kB | 1.3 MB | 199 kB
Progress (3): 254 kB | 1.3 MB | 203 kB
Progress (3): 254 kB | 1.3 MB | 207 kB
Progress (3): 254 kB | 1.3 MB | 210 kB
Progress (3): 254 kB | 1.3 MB | 213 kB
Progress (3): 254 kB | 1.3 MB | 217 kB
Progress (3): 254 kB | 1.3 MB | 221 kB
Progress (3): 254 kB | 1.3 MB | 225 kB
Progress (3): 254 kB | 1.3 MB | 229 kB
Progress (3): 254 kB | 1.3 MB | 232 kB
Progress (3): 254 kB | 1.3 MB | 234 kB
Progress (3): 258 kB | 1.3 MB | 234 kB
Progress (3): 258 kB | 1.3 MB | 238 kB
Progress (3): 258 kB | 1.3 MB | 242 kB
Progress (3): 258 kB | 1.3 MB | 245 kB
Progress (3): 258 kB | 1.3 MB | 249 kB
Progress (3): 258 kB | 1.3 MB | 252 kB
Progress (3): 258 kB | 1.3 MB | 256 kB
Progress (3): 258 kB | 1.3 MB | 261 kB
Progress (3): 258 kB | 1.3 MB | 265 kB
Progress (3): 258 kB | 1.3 MB | 269 kB
Progress (3): 258 kB | 1.3 MB | 271 kB
Progress (3): 258 kB | 1.3 MB | 273 kB
Progress (3): 258 kB | 1.3 MB | 276 kB
Progress (3): 258 kB | 1.3 MB | 280 kB
Progress (3): 258 kB | 1.3 MB | 283 kB
Progress (3): 258 kB | 1.3 MB | 287 kB
Progress (3): 258 kB | 1.3 MB | 290 kB
Progress (3): 258 kB | 1.3 MB | 294 kB
Progress (3): 258 kB | 1.3 MB | 298 kB
Progress (3): 258 kB | 1.3 MB | 302 kB
Progress (3): 258 kB | 1.3 MB | 307 kB
Progress (3): 258 kB | 1.3 MB | 310 kB
Progress (3): 258 kB | 1.3 MB | 314 kB
Progress (3): 258 kB | 1.3 MB | 318 kB
Progress (3): 258 kB | 1.3 MB | 322 kB
Progress (3): 258 kB | 1.3 MB | 326 kB
Progress (3): 258 kB | 1.3 MB | 330 kB
Progress (3): 258 kB | 1.3 MB | 334 kB
Progress (3): 258 kB | 1.3 MB | 337 kB
Progress (3): 258 kB | 1.3 MB | 339 kB
Progress (3): 258 kB | 1.3 MB | 343 kB
Progress (3): 258 kB | 1.3 MB | 348 kB
Progress (3): 258 kB | 1.3 MB | 352 kB
Progress (3): 258 kB | 1.3 MB | 356 kB
Progress (3): 258 kB | 1.3 MB | 360 kB
Progress (3): 258 kB | 1.3 MB | 363 kB
Progress (3): 258 kB | 1.3 MB | 367 kB
Progress (3): 258 kB | 1.3 MB | 371 kB
Progress (3): 258 kB | 1.3 MB | 375 kB
Progress (3): 258 kB | 1.3 MB | 379 kB
Progress (3): 258 kB | 1.3 MB | 382 kB
Progress (3): 258 kB | 1.3 MB | 386 kB
Progress (3): 258 kB | 1.3 MB | 390 kB
Progress (3): 258 kB | 1.3 MB | 393 kB
Progress (3): 258 kB | 1.3 MB | 397 kB
Progress (3): 258 kB | 1.3 MB | 401 kB
Progress (3): 258 kB | 1.3 MB | 405 kB
Progress (3): 258 kB | 1.3 MB | 409 kB
Progress (3): 258 kB | 1.3 MB | 413 kB
Progress (3): 258 kB | 1.3 MB | 417 kB
Progress (3): 258 kB | 1.3 MB | 421 kB
Progress (3): 258 kB | 1.3 MB | 423 kB
Progress (3): 258 kB | 1.3 MB | 428 kB
Progress (3): 258 kB | 1.3 MB | 431 kB
Progress (3): 258 kB | 1.3 MB | 435 kB
Progress (3): 258 kB | 1.3 MB | 438 kB
Progress (3): 258 kB | 1.3 MB | 442 kB
Progress (3): 258 kB | 1.3 MB | 445 kB
Progress (3): 258 kB | 1.3 MB | 447 kB
Progress (3): 263 kB | 1.3 MB | 447 kB
Progress (3): 267 kB | 1.3 MB | 447 kB
Progress (3): 267 kB | 1.3 MB | 450 kB
Progress (3): 267 kB | 1.3 MB | 454 kB
Progress (3): 267 kB | 1.3 MB | 458 kB
Progress (3): 267 kB | 1.3 MB | 462 kB
Progress (3): 267 kB | 1.3 MB | 466 kB
Progress (3): 267 kB | 1.3 MB | 470 kB
Progress (3): 267 kB | 1.3 MB | 474 kB
Progress (3): 267 kB | 1.3 MB | 478 kB
Progress (3): 267 kB | 1.3 MB | 482 kB
Progress (3): 267 kB | 1.3 MB | 486 kB
Progress (3): 267 kB | 1.3 MB | 490 kB
Progress (3): 267 kB | 1.3 MB | 493 kB
Progress (3): 267 kB | 1.3 MB | 496 kB
Progress (3): 267 kB | 1.3 MB | 498 kB
Progress (3): 267 kB | 1.3 MB | 500 kB
Progress (3): 267 kB | 1.3 MB | 505 kB
Progress (3): 267 kB | 1.3 MB | 509 kB
Progress (3): 267 kB | 1.3 MB | 512 kB
Progress (3): 267 kB | 1.3 MB | 516 kB
Progress (3): 267 kB | 1.3 MB | 520 kB
Progress (3): 271 kB | 1.3 MB | 520 kB
Progress (3): 275 kB | 1.3 MB | 520 kB
Progress (3): 279 kB | 1.3 MB | 520 kB
Progress (3): 283 kB | 1.3 MB | 520 kB
Progress (3): 283 kB | 1.3 MB | 523 kB
Progress (3): 287 kB | 1.3 MB | 523 kB
Progress (3): 291 kB | 1.3 MB | 523 kB
Progress (3): 295 kB | 1.3 MB | 523 kB
Progress (3): 299 kB | 1.3 MB | 523 kB
Progress (3): 304 kB | 1.3 MB | 523 kB
Progress (4): 304 kB | 1.3 MB | 523 kB | 4.0 kB
Progress (4): 304 kB | 1.3 MB | 523 kB | 8.1 kB
                                               
Downloaded from aiban-tianyin-core: https://aiban-maven.pkg.coding.net/repository/tianyin/core/org/apache/zookeeper/zookeeper/3.6.3/zookeeper-3.6.3.jar (1.3 MB at 1.4 MB/s)
Downloading from aiban-tianyin-core: https://aiban-maven.pkg.coding.net/repository/tianyin/core/io/netty/netty-resolver/4.1.70.Final/netty-resolver-4.1.70.Final.jar
Progress (3): 308 kB | 523 kB | 8.1 kB
Progress (3): 308 kB | 523 kB | 12 kB 
Progress (3): 308 kB | 523 kB | 16 kB
Progress (3): 308 kB | 523 kB | 19 kB
Progress (3): 308 kB | 523 kB | 23 kB
Progress (3): 308 kB | 523 kB | 28 kB
Progress (3): 308 kB | 523 kB | 31 kB
Progress (3): 308 kB | 523 kB | 35 kB
Progress (3): 308 kB | 523 kB | 38 kB
Progress (3): 308 kB | 523 kB | 40 kB
Progress (3): 308 kB | 523 kB | 43 kB
Progress (3): 308 kB | 523 kB | 47 kB
Progress (3): 308 kB | 523 kB | 51 kB
Progress (3): 308 kB | 523 kB | 55 kB
Progress (3): 308 kB | 523 kB | 60 kB
Progress (3): 308 kB | 523 kB | 64 kB
Progress (3): 308 kB | 523 kB | 68 kB
Progress (3): 308 kB | 523 kB | 72 kB
Progress (3): 308 kB | 523 kB | 76 kB
Progress (3): 308 kB | 523 kB | 80 kB
Progress (3): 308 kB | 523 kB | 84 kB
Progress (3): 308 kB | 523 kB | 88 kB
Progress (3): 308 kB | 523 kB | 91 kB
Progress (3): 308 kB | 523 kB | 94 kB
Progress (3): 308 kB | 523 kB | 98 kB
Progress (3): 308 kB | 523 kB | 101 kB
Progress (3): 308 kB | 523 kB | 105 kB
Progress (3): 308 kB | 523 kB | 109 kB
Progress (3): 312 kB | 523 kB | 109 kB
Progress (3): 312 kB | 523 kB | 113 kB
Progress (3): 312 kB | 523 kB | 117 kB
Progress (3): 312 kB | 523 kB | 119 kB
Progress (3): 316 kB | 523 kB | 119 kB
Progress (3): 316 kB | 523 kB | 122 kB
Progress (3): 316 kB | 523 kB | 125 kB
Progress (3): 320 kB | 523 kB | 125 kB
Progress (3): 320 kB | 523 kB | 129 kB
Progress (3): 324 kB | 523 kB | 129 kB
Progress (3): 324 kB | 523 kB | 133 kB
Progress (3): 324 kB | 523 kB | 136 kB
Progress (3): 324 kB | 523 kB | 140 kB
Progress (3): 324 kB | 523 kB | 144 kB
Progress (3): 324 kB | 523 kB | 148 kB
Progress (3): 324 kB | 523 kB | 151 kB
Progress (3): 324 kB | 523 kB | 154 kB
Progress (3): 324 kB | 523 kB | 158 kB
Progress (3): 328 kB | 523 kB | 158 kB
Progress (3): 328 kB | 523 kB | 162 kB
Progress (3): 328 kB | 523 kB | 166 kB
Progress (3): 328 kB | 523 kB | 170 kB
Progress (3): 328 kB | 523 kB | 174 kB
Progress (3): 328 kB | 523 kB | 179 kB
Progress (3): 328 kB | 523 kB | 183 kB
Progress (3): 328 kB | 523 kB | 187 kB
Progress (3): 328 kB | 523 kB | 190 kB
Progress (3): 328 kB | 523 kB | 195 kB
Progress (3): 328 kB | 523 kB | 198 kB
Progress (3): 328 kB | 523 kB | 200 kB
Progress (3): 328 kB | 523 kB | 205 kB
Progress (3): 328 kB | 523 kB | 209 kB
Progress (3): 328 kB | 523 kB | 212 kB
Progress (3): 328 kB | 523 kB | 214 kB
Progress (3): 328 kB | 523 kB | 217 kB
Progress (3): 328 kB | 523 kB | 220 kB
Progress (3): 332 kB | 523 kB | 220 kB
Progress (3): 332 kB | 523 kB | 223 kB
Progress (3): 332 kB | 523 kB | 227 kB
Progress (3): 332 kB | 523 kB | 230 kB
Progress (3): 332 kB | 523 kB | 233 kB
Progress (3): 332 kB | 523 kB | 237 kB
Progress (3): 332 kB | 523 kB | 241 kB
Progress (3): 332 kB | 523 kB | 245 kB
Progress (3): 332 kB | 523 kB | 248 kB
Progress (3): 332 kB | 523 kB | 251 kB
Progress (3): 332 kB | 523 kB | 255 kB
Progress (3): 332 kB | 523 kB | 259 kB
Progress (3): 332 kB | 523 kB | 263 kB
Progress (3): 332 kB | 523 kB | 267 kB
Progress (3): 332 kB | 523 kB | 270 kB
Progress (3): 332 kB | 523 kB | 275 kB
Progress (3): 332 kB | 523 kB | 279 kB
Progress (3): 332 kB | 523 kB | 283 kB
Progress (3): 332 kB | 523 kB | 286 kB
Progress (3): 332 kB | 523 kB | 289 kB
Progress (3): 332 kB | 523 kB | 291 kB
Progress (3): 332 kB | 523 kB | 294 kB
Progress (3): 332 kB | 523 kB | 297 kB
Progress (3): 332 kB | 523 kB | 301 kB
Progress (3): 332 kB | 523 kB | 305 kB
Progress (3): 332 kB | 523 kB | 308 kB
Progress (3): 332 kB | 523 kB | 311 kB
Progress (3): 332 kB | 523 kB | 315 kB
Progress (3): 332 kB | 523 kB | 319 kB
Progress (3): 332 kB | 523 kB | 323 kB
Progress (3): 332 kB | 523 kB | 326 kB
Progress (3): 332 kB | 523 kB | 329 kB
Progress (3): 332 kB | 523 kB | 332 kB
Progress (3): 332 kB | 523 kB | 336 kB
Progress (3): 332 kB | 523 kB | 340 kB
Progress (3): 332 kB | 523 kB | 344 kB
Progress (3): 332 kB | 523 kB | 348 kB
Progress (3): 332 kB | 523 kB | 352 kB
Progress (3): 332 kB | 523 kB | 355 kB
Progress (3): 332 kB | 523 kB | 359 kB
Progress (3): 332 kB | 523 kB | 362 kB
Progress (3): 332 kB | 523 kB | 364 kB
Progress (3): 332 kB | 523 kB | 367 kB
Progress (3): 332 kB | 523 kB | 371 kB
Progress (3): 332 kB | 523 kB | 375 kB
Progress (3): 332 kB | 523 kB | 378 kB
Progress (3): 332 kB | 523 kB | 382 kB
Progress (3): 332 kB | 523 kB | 386 kB
Progress (3): 332 kB | 523 kB | 390 kB
Progress (3): 332 kB | 523 kB | 393 kB
Progress (3): 332 kB | 523 kB | 397 kB
Progress (3): 332 kB | 523 kB | 401 kB
Progress (3): 332 kB | 523 kB | 404 kB
Progress (3): 332 kB | 523 kB | 406 kB
Progress (3): 332 kB | 523 kB | 409 kB
Progress (3): 336 kB | 523 kB | 409 kB
Progress (3): 336 kB | 523 kB | 413 kB
Progress (3): 336 kB | 523 kB | 417 kB
Progress (3): 336 kB | 523 kB | 421 kB
Progress (3): 336 kB | 523 kB | 426 kB
Progress (3): 336 kB | 523 kB | 430 kB
Progress (3): 336 kB | 523 kB | 434 kB
Progress (3): 336 kB | 523 kB | 438 kB
Progress (3): 336 kB | 523 kB | 442 kB
Progress (3): 336 kB | 523 kB | 446 kB
Progress (3): 336 kB | 523 kB | 449 kB
Progress (3): 336 kB | 523 kB | 451 kB
Progress (3): 336 kB | 523 kB | 454 kB
Progress (3): 336 kB | 523 kB | 457 kB
Progress (3): 336 kB | 523 kB | 461 kB
Progress (3): 336 kB | 523 kB | 464 kB
Progress (3): 336 kB | 523 kB | 468 kB
Progress (3): 336 kB | 523 kB | 472 kB
Progress (3): 336 kB | 523 kB | 476 kB
Progress (3): 336 kB | 523 kB | 480 kB
Progress (3): 336 kB | 523 kB | 484 kB
Progress (3): 336 kB | 523 kB | 488 kB
Progress (3): 336 kB | 523 kB | 493 kB
Progress (3): 336 kB | 523 kB | 495 kB
Progress (3): 336 kB | 523 kB | 498 kB
Progress (3): 336 kB | 523 kB | 500 kB
Progress (3): 336 kB | 523 kB | 503 kB
Progress (3): 336 kB | 523 kB | 506 kB
Progress (3): 336 kB | 523 kB | 509 kB
Progress (3): 336 kB | 523 kB | 512 kB
Progress (3): 336 kB | 523 kB | 516 kB
Progress (3): 336 kB | 523 kB | 520 kB
Progress (3): 336 kB | 523 kB | 524 kB
Progress (3): 336 kB | 523 kB | 528 kB
Progress (3): 336 kB | 523 kB | 532 kB
Progress (3): 336 kB | 523 kB | 536 kB
Progress (3): 336 kB | 523 kB | 540 kB
Progress (3): 336 kB | 523 kB | 543 kB
Progress (3): 336 kB | 523 kB | 547 kB
Progress (3): 336 kB | 523 kB | 549 kB
Progress (3): 336 kB | 523 kB | 553 kB
Progress (3): 336 kB | 523 kB | 558 kB
Progress (3): 336 kB | 523 kB | 562 kB
Progress (3): 336 kB | 523 kB | 566 kB
Progress (3): 336 kB | 523 kB | 569 kB
Progress (3): 336 kB | 523 kB | 572 kB
Progress (3): 336 kB | 523 kB | 576 kB
Progress (3): 336 kB | 523 kB | 580 kB
Progress (3): 336 kB | 523 kB | 584 kB
Progress (3): 336 kB | 523 kB | 588 kB
Progress (3): 336 kB | 523 kB | 592 kB
Progress (3): 336 kB | 523 kB | 596 kB
Progress (3): 336 kB | 523 kB | 598 kB
Progress (3): 336 kB | 523 kB | 603 kB
Progress (3): 336 kB | 523 kB | 607 kB
Progress (3): 336 kB | 523 kB | 611 kB
Progress (3): 336 kB | 523 kB | 614 kB
Progress (3): 336 kB | 523 kB | 617 kB
Progress (3): 336 kB | 523 kB | 621 kB
Progress (3): 336 kB | 523 kB | 625 kB
Progress (3): 336 kB | 523 kB | 629 kB
Progress (3): 336 kB | 523 kB | 633 kB
Progress (3): 336 kB | 523 kB | 637 kB
Progress (3): 336 kB | 523 kB | 642 kB
Progress (3): 336 kB | 523 kB | 646 kB
Progress (3): 336 kB | 523 kB | 650 kB
Progress (3): 336 kB | 523 kB | 653 kB
Progress (4): 336 kB | 523 kB | 653 kB | 4.1 kB
Progress (4): 336 kB | 523 kB | 653 kB | 6.9 kB
Progress (4): 336 kB | 523 kB | 653 kB | 11 kB 
Progress (4): 336 kB | 523 kB | 653 kB | 14 kB
Progress (4): 336 kB | 523 kB | 653 kB | 17 kB
Progress (4): 336 kB | 523 kB | 653 kB | 19 kB
Progress (4): 336 kB | 523 kB | 653 kB | 22 kB
Progress (4): 336 kB | 523 kB | 653 kB | 25 kB
Progress (4): 336 kB | 523 kB | 653 kB | 29 kB
Progress (4): 336 kB | 523 kB | 653 kB | 33 kB
Progress (4): 336 kB | 523 kB | 653 kB | 37 kB
Progress (4): 336 kB | 523 kB | 653 kB | 41 kB
Progress (4): 336 kB | 523 kB | 653 kB | 45 kB
Progress (4): 336 kB | 523 kB | 653 kB | 49 kB
Progress (4): 336 kB | 523 kB | 653 kB | 53 kB
Progress (4): 336 kB | 523 kB | 653 kB | 57 kB
Progress (4): 336 kB | 523 kB | 653 kB | 61 kB
Progress (4): 336 kB | 523 kB | 653 kB | 65 kB
Progress (4): 336 kB | 523 kB | 653 kB | 69 kB
Progress (4): 336 kB | 523 kB | 653 kB | 73 kB
Progress (4): 336 kB | 523 kB | 653 kB | 77 kB
Progress (4): 336 kB | 523 kB | 653 kB | 81 kB
Progress (4): 336 kB | 523 kB | 653 kB | 86 kB
Progress (4): 336 kB | 523 kB | 653 kB | 90 kB
Progress (4): 336 kB | 523 kB | 653 kB | 94 kB
Progress (4): 336 kB | 523 kB | 653 kB | 98 kB
Progress (4): 336 kB | 523 kB | 653 kB | 102 kB
Progress (4): 336 kB | 523 kB | 653 kB | 106 kB
Progress (4): 336 kB | 523 kB | 653 kB | 110 kB
Progress (4): 336 kB | 523 kB | 653 kB | 114 kB
                                               
Downloaded from aiban-tianyin-core: https://aiban-maven.pkg.coding.net/repository/tianyin/core/io/netty/netty-handler/4.1.70.Final/netty-handler-4.1.70.Final.jar (523 kB at 510 kB/s)
Downloading from aiban-tianyin-core: https://aiban-maven.pkg.coding.net/repository/tianyin/core/io/netty/netty-buffer/4.1.70.Final/netty-buffer-4.1.70.Final.jar
Progress (3): 336 kB | 653 kB | 118 kB
Progress (3): 336 kB | 653 kB | 122 kB
Progress (3): 336 kB | 653 kB | 127 kB
Progress (3): 336 kB | 653 kB | 131 kB
Progress (3): 336 kB | 653 kB | 135 kB
Progress (3): 336 kB | 653 kB | 139 kB
Progress (3): 336 kB | 653 kB | 143 kB
Progress (3): 336 kB | 653 kB | 147 kB
Progress (3): 336 kB | 653 kB | 151 kB
Progress (3): 336 kB | 653 kB | 155 kB
Progress (3): 336 kB | 653 kB | 159 kB
Progress (3): 336 kB | 653 kB | 163 kB
Progress (3): 336 kB | 653 kB | 168 kB
Progress (3): 336 kB | 653 kB | 172 kB
Progress (3): 336 kB | 653 kB | 176 kB
Progress (3): 336 kB | 653 kB | 180 kB
Progress (3): 336 kB | 653 kB | 184 kB
Progress (3): 336 kB | 653 kB | 188 kB
Progress (3): 336 kB | 653 kB | 192 kB
Progress (3): 336 kB | 653 kB | 196 kB
Progress (3): 336 kB | 653 kB | 200 kB
Progress (3): 336 kB | 653 kB | 204 kB
Progress (3): 336 kB | 653 kB | 208 kB
Progress (3): 336 kB | 653 kB | 213 kB
Progress (3): 336 kB | 653 kB | 217 kB
Progress (3): 336 kB | 653 kB | 221 kB
Progress (3): 336 kB | 653 kB | 225 kB
Progress (3): 336 kB | 653 kB | 229 kB
Progress (3): 336 kB | 653 kB | 233 kB
Progress (3): 336 kB | 653 kB | 237 kB
Progress (3): 336 kB | 653 kB | 241 kB
Progress (3): 336 kB | 653 kB | 245 kB
Progress (3): 336 kB | 653 kB | 249 kB
Progress (3): 336 kB | 653 kB | 254 kB
Progress (3): 336 kB | 653 kB | 258 kB
Progress (3): 336 kB | 653 kB | 262 kB
Progress (3): 336 kB | 653 kB | 266 kB
Progress (3): 336 kB | 653 kB | 270 kB
Progress (3): 336 kB | 653 kB | 274 kB
Progress (3): 336 kB | 653 kB | 278 kB
Progress (3): 336 kB | 653 kB | 282 kB
Progress (3): 336 kB | 653 kB | 286 kB
Progress (3): 336 kB | 653 kB | 290 kB
Progress (3): 336 kB | 653 kB | 294 kB
Progress (3): 336 kB | 653 kB | 299 kB
Progress (3): 336 kB | 653 kB | 303 kB
Progress (3): 336 kB | 653 kB | 307 kB
Progress (3): 336 kB | 653 kB | 311 kB
Progress (3): 336 kB | 653 kB | 315 kB
Progress (3): 336 kB | 653 kB | 319 kB
Progress (3): 336 kB | 653 kB | 323 kB
Progress (3): 336 kB | 653 kB | 327 kB
Progress (3): 336 kB | 653 kB | 331 kB
Progress (3): 336 kB | 653 kB | 335 kB
Progress (3): 336 kB | 653 kB | 340 kB
Progress (3): 336 kB | 653 kB | 344 kB
Progress (3): 336 kB | 653 kB | 348 kB
Progress (3): 336 kB | 653 kB | 352 kB
Progress (3): 336 kB | 653 kB | 356 kB
Progress (3): 336 kB | 653 kB | 360 kB
Progress (3): 336 kB | 653 kB | 364 kB
Progress (3): 336 kB | 653 kB | 368 kB
Progress (3): 336 kB | 653 kB | 372 kB
Progress (3): 336 kB | 653 kB | 376 kB
Progress (3): 336 kB | 653 kB | 380 kB
Progress (3): 336 kB | 653 kB | 385 kB
Progress (3): 336 kB | 653 kB | 389 kB
Progress (3): 336 kB | 653 kB | 393 kB
Progress (3): 336 kB | 653 kB | 397 kB
Progress (3): 336 kB | 653 kB | 401 kB
Progress (3): 336 kB | 653 kB | 405 kB
Progress (3): 336 kB | 653 kB | 409 kB
Progress (3): 336 kB | 653 kB | 413 kB
Progress (3): 336 kB | 653 kB | 417 kB
Progress (3): 336 kB | 653 kB | 421 kB
Progress (3): 336 kB | 653 kB | 426 kB
Progress (3): 336 kB | 653 kB | 430 kB
Progress (3): 336 kB | 653 kB | 434 kB
Progress (3): 336 kB | 653 kB | 438 kB
Progress (3): 336 kB | 653 kB | 442 kB
Progress (3): 336 kB | 653 kB | 446 kB
Progress (3): 336 kB | 653 kB | 450 kB
Progress (3): 336 kB | 653 kB | 454 kB
Progress (3): 336 kB | 653 kB | 458 kB
Progress (3): 336 kB | 653 kB | 462 kB
Progress (3): 336 kB | 653 kB | 467 kB
Progress (3): 336 kB | 653 kB | 471 kB
Progress (3): 336 kB | 653 kB | 475 kB
Progress (3): 336 kB | 653 kB | 479 kB
Progress (3): 336 kB | 653 kB | 483 kB
Progress (3): 336 kB | 653 kB | 487 kB
Progress (3): 336 kB | 653 kB | 491 kB
Progress (3): 336 kB | 653 kB | 495 kB
Progress (3): 336 kB | 653 kB | 499 kB
Progress (3): 336 kB | 653 kB | 503 kB
Progress (3): 336 kB | 653 kB | 507 kB
Progress (3): 336 kB | 653 kB | 512 kB
Progress (3): 336 kB | 653 kB | 516 kB
Progress (3): 336 kB | 653 kB | 520 kB
Progress (3): 336 kB | 653 kB | 524 kB
Progress (3): 336 kB | 653 kB | 528 kB
Progress (3): 336 kB | 653 kB | 532 kB
Progress (3): 336 kB | 653 kB | 536 kB
Progress (3): 336 kB | 653 kB | 540 kB
Progress (3): 336 kB | 653 kB | 544 kB
Progress (3): 336 kB | 653 kB | 548 kB
Progress (3): 336 kB | 653 kB | 553 kB
Progress (3): 336 kB | 653 kB | 557 kB
Progress (3): 336 kB | 653 kB | 561 kB
Progress (3): 336 kB | 653 kB | 565 kB
Progress (3): 336 kB | 653 kB | 569 kB
Progress (3): 336 kB | 653 kB | 573 kB
Progress (3): 336 kB | 653 kB | 577 kB
Progress (3): 336 kB | 653 kB | 581 kB
Progress (3): 336 kB | 653 kB | 585 kB
Progress (3): 336 kB | 653 kB | 589 kB
Progress (3): 336 kB | 653 kB | 593 kB
Progress (3): 336 kB | 653 kB | 598 kB
Progress (3): 336 kB | 653 kB | 602 kB
Progress (3): 336 kB | 653 kB | 606 kB
Progress (3): 336 kB | 653 kB | 610 kB
Progress (3): 336 kB | 653 kB | 614 kB
Progress (3): 336 kB | 653 kB | 618 kB
Progress (3): 336 kB | 653 kB | 622 kB
Progress (3): 336 kB | 653 kB | 626 kB
Progress (3): 336 kB | 653 kB | 630 kB
Progress (3): 336 kB | 653 kB | 634 kB
Progress (3): 336 kB | 653 kB | 639 kB
Progress (3): 336 kB | 653 kB | 643 kB
Progress (3): 336 kB | 653 kB | 647 kB
Progress (3): 336 kB | 653 kB | 651 kB
Progress (3): 336 kB | 653 kB | 655 kB
Progress (3): 336 kB | 653 kB | 659 kB
Progress (3): 336 kB | 653 kB | 663 kB
Progress (3): 336 kB | 653 kB | 667 kB
Progress (3): 336 kB | 653 kB | 671 kB
Progress (3): 336 kB | 653 kB | 675 kB
Progress (3): 336 kB | 653 kB | 680 kB
Progress (3): 336 kB | 653 kB | 684 kB
Progress (3): 336 kB | 653 kB | 688 kB
Progress (3): 336 kB | 653 kB | 692 kB
Progress (3): 336 kB | 653 kB | 696 kB
Progress (3): 336 kB | 653 kB | 700 kB
Progress (3): 336 kB | 653 kB | 704 kB
Progress (3): 336 kB | 653 kB | 708 kB
Progress (3): 336 kB | 653 kB | 712 kB
Progress (3): 336 kB | 653 kB | 716 kB
                                      
Downloaded from aiban-tianyin-core: https://aiban-maven.pkg.coding.net/repository/tianyin/core/io/netty/netty-common/4.1.70.Final/netty-common-4.1.70.Final.jar (653 kB at 599 kB/s)
Downloaded from aiban-tianyin-core: https://aiban-maven.pkg.coding.net/repository/tianyin/core/org/apache/curator/curator-framework/5.2.1/curator-framework-5.2.1.jar (336 kB at 308 kB/s)
Progress (1): 720 kB
                    
Downloading from aiban-tianyin-core: https://aiban-maven.pkg.coding.net/repository/tianyin/core/io/netty/netty-codec/4.1.70.Final/netty-codec-4.1.70.Final.jar
Downloading from aiban-tianyin-core: https://aiban-maven.pkg.coding.net/repository/tianyin/core/io/netty/netty-transport/4.1.70.Final/netty-transport-4.1.70.Final.jar
Progress (1): 725 kB
Progress (1): 729 kB
Progress (1): 733 kB
Progress (1): 737 kB
Progress (1): 741 kB
Progress (1): 745 kB
Progress (1): 749 kB
Progress (1): 753 kB
Progress (1): 757 kB
Progress (1): 761 kB
Progress (1): 766 kB
Progress (1): 770 kB
Progress (1): 774 kB
Progress (1): 778 kB
Progress (1): 782 kB
Progress (1): 786 kB
Progress (1): 790 kB
Progress (1): 794 kB
Progress (1): 798 kB
Progress (1): 802 kB
Progress (1): 806 kB
Progress (1): 811 kB
Progress (1): 815 kB
Progress (1): 819 kB
Progress (1): 823 kB
Progress (1): 827 kB
Progress (1): 831 kB
Progress (1): 835 kB
Progress (1): 839 kB
Progress (1): 843 kB
Progress (1): 847 kB
Progress (1): 852 kB
Progress (1): 856 kB
Progress (1): 860 kB
Progress (1): 864 kB
Progress (1): 868 kB
Progress (1): 872 kB
Progress (1): 876 kB
Progress (1): 880 kB
Progress (1): 884 kB
Progress (1): 888 kB
Progress (1): 892 kB
Progress (1): 897 kB
Progress (1): 901 kB
Progress (1): 905 kB
Progress (1): 909 kB
Progress (1): 913 kB
Progress (1): 917 kB
Progress (1): 921 kB
Progress (1): 925 kB
Progress (1): 929 kB
Progress (1): 933 kB
Progress (1): 938 kB
Progress (1): 942 kB
Progress (1): 946 kB
Progress (1): 950 kB
Progress (1): 954 kB
Progress (1): 958 kB
Progress (1): 962 kB
Progress (1): 966 kB
Progress (1): 970 kB
Progress (1): 974 kB
Progress (1): 979 kB
Progress (1): 983 kB
Progress (1): 987 kB
Progress (1): 991 kB
Progress (1): 995 kB
Progress (1): 999 kB
Progress (1): 1.0 MB
Progress (1): 1.0 MB
Progress (1): 1.0 MB
Progress (1): 1.0 MB
Progress (1): 1.0 MB
Progress (1): 1.0 MB
Progress (1): 1.0 MB
Progress (1): 1.0 MB
Progress (1): 1.0 MB
Progress (1): 1.0 MB
Progress (1): 1.0 MB
Progress (1): 1.0 MB
Progress (1): 1.1 MB
Progress (1): 1.1 MB
Progress (1): 1.1 MB
Progress (1): 1.1 MB
Progress (1): 1.1 MB
Progress (1): 1.1 MB
Progress (1): 1.1 MB
Progress (1): 1.1 MB
Progress (1): 1.1 MB
Progress (1): 1.1 MB
Progress (1): 1.1 MB
Progress (1): 1.1 MB
Progress (1): 1.1 MB
Progress (1): 1.1 MB
Progress (1): 1.1 MB
Progress (1): 1.1 MB
Progress (1): 1.1 MB
Progress (1): 1.1 MB
Progress (1): 1.1 MB
Progress (1): 1.1 MB
Progress (1): 1.1 MB
Progress (1): 1.1 MB
Progress (1): 1.1 MB
Progress (1): 1.1 MB
Progress (1): 1.2 MB
Progress (1): 1.2 MB
Progress (1): 1.2 MB
Progress (1): 1.2 MB
Progress (1): 1.2 MB
Progress (1): 1.2 MB
Progress (1): 1.2 MB
Progress (1): 1.2 MB
Progress (1): 1.2 MB
Progress (1): 1.2 MB
Progress (1): 1.2 MB
Progress (1): 1.2 MB
Progress (1): 1.2 MB
Progress (1): 1.2 MB
Progress (1): 1.2 MB
Progress (1): 1.2 MB
Progress (1): 1.2 MB
Progress (1): 1.2 MB
Progress (1): 1.2 MB
Progress (1): 1.2 MB
Progress (1): 1.2 MB
Progress (1): 1.2 MB
Progress (1): 1.2 MB
Progress (1): 1.2 MB
Progress (1): 1.2 MB
Progress (1): 1.3 MB
Progress (1): 1.3 MB
Progress (1): 1.3 MB
Progress (1): 1.3 MB
Progress (1): 1.3 MB
Progress (1): 1.3 MB
Progress (1): 1.3 MB
Progress (1): 1.3 MB
Progress (1): 1.3 MB
Progress (1): 1.3 MB
Progress (1): 1.3 MB
Progress (1): 1.3 MB
Progress (1): 1.3 MB
Progress (1): 1.3 MB
Progress (1): 1.3 MB
Progress (1): 1.3 MB
Progress (1): 1.3 MB
Progress (1): 1.3 MB
Progress (1): 1.3 MB
Progress (1): 1.3 MB
Progress (1): 1.3 MB
Progress (1): 1.3 MB
Progress (1): 1.3 MB
Progress (1): 1.3 MB
Progress (1): 1.4 MB
Progress (1): 1.4 MB
Progress (1): 1.4 MB
Progress (1): 1.4 MB
Progress (1): 1.4 MB
Progress (1): 1.4 MB
Progress (1): 1.4 MB
Progress (1): 1.4 MB
Progress (1): 1.4 MB
Progress (1): 1.4 MB
Progress (1): 1.4 MB
Progress (1): 1.4 MB
Progress (1): 1.4 MB
Progress (1): 1.4 MB
Progress (1): 1.4 MB
Progress (1): 1.4 MB
Progress (1): 1.4 MB
Progress (1): 1.4 MB
Progress (1): 1.4 MB
Progress (1): 1.4 MB
Progress (1): 1.4 MB
Progress (1): 1.4 MB
Progress (1): 1.4 MB
Progress (1): 1.4 MB
Progress (1): 1.4 MB
Progress (1): 1.5 MB
Progress (1): 1.5 MB
Progress (1): 1.5 MB
Progress (1): 1.5 MB
Progress (1): 1.5 MB
Progress (1): 1.5 MB
Progress (1): 1.5 MB
Progress (1): 1.5 MB
Progress (1): 1.5 MB
Progress (1): 1.5 MB
Progress (1): 1.5 MB
Progress (1): 1.5 MB
Progress (1): 1.5 MB
Progress (1): 1.5 MB
Progress (1): 1.5 MB
Progress (1): 1.5 MB
Progress (1): 1.5 MB
Progress (1): 1.5 MB
Progress (1): 1.5 MB
Progress (1): 1.5 MB
Progress (1): 1.5 MB
Progress (1): 1.5 MB
Progress (1): 1.5 MB
Progress (1): 1.5 MB
Progress (1): 1.5 MB
Progress (1): 1.6 MB
Progress (1): 1.6 MB
Progress (1): 1.6 MB
Progress (1): 1.6 MB
Progress (1): 1.6 MB
Progress (1): 1.6 MB
Progress (1): 1.6 MB
Progress (1): 1.6 MB
Progress (1): 1.6 MB
Progress (1): 1.6 MB
Progress (1): 1.6 MB
Progress (1): 1.6 MB
Progress (1): 1.6 MB
Progress (1): 1.6 MB
Progress (1): 1.6 MB
Progress (1): 1.6 MB
Progress (1): 1.6 MB
Progress (1): 1.6 MB
Progress (1): 1.6 MB
Progress (1): 1.6 MB
Progress (1): 1.6 MB
Progress (1): 1.6 MB
Progress (1): 1.6 MB
Progress (1): 1.6 MB
Progress (1): 1.6 MB
Progress (1): 1.7 MB
Progress (1): 1.7 MB
Progress (1): 1.7 MB
Progress (1): 1.7 MB
Progress (1): 1.7 MB
Progress (1): 1.7 MB
Progress (1): 1.7 MB
Progress (1): 1.7 MB
Progress (1): 1.7 MB
Progress (1): 1.7 MB
Progress (1): 1.7 MB
Progress (1): 1.7 MB
Progress (1): 1.7 MB
Progress (1): 1.7 MB
Progress (1): 1.7 MB
Progress (1): 1.7 MB
Progress (2): 1.7 MB | 3.8 kB
Progress (2): 1.7 MB | 7.9 kB
Progress (2): 1.7 MB | 11 kB 
Progress (2): 1.7 MB | 14 kB
Progress (2): 1.7 MB | 17 kB
Progress (2): 1.7 MB | 19 kB
Progress (2): 1.7 MB | 22 kB
Progress (2): 1.7 MB | 26 kB
Progress (2): 1.7 MB | 30 kB
Progress (2): 1.7 MB | 34 kB
Progress (2): 1.7 MB | 38 kB
Progress (2): 1.7 MB | 41 kB
Progress (2): 1.7 MB | 43 kB
Progress (2): 1.7 MB | 48 kB
Progress (2): 1.7 MB | 51 kB
Progress (2): 1.7 MB | 55 kB
Progress (2): 1.7 MB | 59 kB
Progress (2): 1.7 MB | 62 kB
Progress (2): 1.7 MB | 65 kB
Progress (2): 1.7 MB | 68 kB
Progress (2): 1.7 MB | 72 kB
Progress (2): 1.7 MB | 76 kB
Progress (2): 1.7 MB | 80 kB
Progress (2): 1.7 MB | 84 kB
Progress (2): 1.7 MB | 84 kB
Progress (2): 1.7 MB | 88 kB
Progress (2): 1.7 MB | 88 kB
Progress (2): 1.7 MB | 88 kB
Progress (2): 1.7 MB | 88 kB
Progress (2): 1.7 MB | 88 kB
Progress (2): 1.7 MB | 88 kB
Progress (2): 1.7 MB | 88 kB
Progress (2): 1.7 MB | 88 kB
Progress (2): 1.7 MB | 88 kB
Progress (2): 1.8 MB | 88 kB
Progress (2): 1.8 MB | 88 kB
Progress (2): 1.8 MB | 88 kB
Progress (2): 1.8 MB | 88 kB
Progress (2): 1.8 MB | 90 kB
Progress (2): 1.8 MB | 93 kB
Progress (2): 1.8 MB | 96 kB
Progress (2): 1.8 MB | 99 kB
Progress (2): 1.8 MB | 99 kB
Progress (2): 1.8 MB | 102 kB
Progress (2): 1.8 MB | 102 kB
Progress (2): 1.8 MB | 102 kB
Progress (2): 1.8 MB | 102 kB
Progress (2): 1.8 MB | 105 kB
Progress (2): 1.8 MB | 105 kB
Progress (2): 1.8 MB | 107 kB
Progress (2): 1.8 MB | 112 kB
Progress (2): 1.8 MB | 116 kB
Progress (2): 1.8 MB | 119 kB
Progress (2): 1.8 MB | 122 kB
Progress (2): 1.8 MB | 126 kB
Progress (2): 1.8 MB | 130 kB
Progress (2): 1.8 MB | 133 kB
Progress (2): 1.8 MB | 133 kB
Progress (2): 1.8 MB | 136 kB
Progress (2): 1.8 MB | 140 kB
Progress (2): 1.8 MB | 144 kB
Progress (2): 1.8 MB | 148 kB
Progress (2): 1.8 MB | 152 kB
Progress (2): 1.8 MB | 152 kB
Progress (2): 1.8 MB | 154 kB
Progress (2): 1.8 MB | 154 kB
Progress (2): 1.8 MB | 157 kB
Progress (2): 1.8 MB | 157 kB
Progress (2): 1.8 MB | 160 kB
Progress (2): 1.8 MB | 160 kB
Progress (2): 1.8 MB | 163 kB
Progress (2): 1.8 MB | 163 kB
Progress (2): 1.8 MB | 163 kB
Progress (2): 1.8 MB | 166 kB
Progress (2): 1.8 MB | 166 kB
Progress (2): 1.8 MB | 168 kB
Progress (2): 1.8 MB | 168 kB
Progress (2): 1.8 MB | 172 kB
Progress (2): 1.8 MB | 172 kB
Progress (2): 1.8 MB | 175 kB
Progress (2): 1.8 MB | 179 kB
Progress (2): 1.8 MB | 182 kB
Progress (2): 1.8 MB | 185 kB
Progress (2): 1.8 MB | 189 kB
Progress (2): 1.8 MB | 193 kB
Progress (2): 1.8 MB | 196 kB
Progress (2): 1.8 MB | 199 kB
Progress (2): 1.8 MB | 202 kB
Progress (2): 1.8 MB | 206 kB
Progress (2): 1.8 MB | 209 kB
Progress (2): 1.8 MB | 213 kB
Progress (2): 1.8 MB | 217 kB
Progress (2): 1.8 MB | 217 kB
Progress (2): 1.8 MB | 221 kB
Progress (2): 1.8 MB | 225 kB
Progress (2): 1.8 MB | 229 kB
Progress (2): 1.8 MB | 232 kB
Progress (2): 1.8 MB | 236 kB
Progress (2): 1.8 MB | 239 kB
Progress (2): 1.8 MB | 242 kB
Progress (2): 1.8 MB | 246 kB
Progress (2): 1.8 MB | 249 kB
Progress (2): 1.8 MB | 252 kB
Progress (2): 1.8 MB | 255 kB
Progress (2): 1.8 MB | 258 kB
Progress (2): 1.8 MB | 258 kB
Progress (2): 1.8 MB | 258 kB
Progress (2): 1.8 MB | 258 kB
Progress (2): 1.8 MB | 258 kB
Progress (2): 1.9 MB | 258 kB
Progress (2): 1.9 MB | 258 kB
Progress (2): 1.9 MB | 258 kB
Progress (2): 1.9 MB | 258 kB
Progress (2): 1.9 MB | 258 kB
Progress (2): 1.9 MB | 258 kB
Progress (2): 1.9 MB | 258 kB
Progress (2): 1.9 MB | 258 kB
Progress (2): 1.9 MB | 258 kB
Progress (2): 1.9 MB | 258 kB
Progress (2): 1.9 MB | 258 kB
Progress (2): 1.9 MB | 258 kB
Progress (2): 1.9 MB | 258 kB
Progress (2): 1.9 MB | 258 kB
Progress (2): 1.9 MB | 258 kB
Progress (2): 1.9 MB | 258 kB
Progress (2): 1.9 MB | 258 kB
Progress (2): 1.9 MB | 258 kB
Progress (2): 1.9 MB | 258 kB
Progress (2): 1.9 MB | 258 kB
Progress (2): 1.9 MB | 258 kB
Progress (2): 1.9 MB | 258 kB
Progress (2): 1.9 MB | 258 kB
Progress (2): 1.9 MB | 258 kB
Progress (2): 1.9 MB | 258 kB
Progress (2): 2.0 MB | 258 kB
Progress (2): 2.0 MB | 258 kB
Progress (2): 2.0 MB | 258 kB
Progress (2): 2.0 MB | 258 kB
Progress (2): 2.0 MB | 258 kB
Progress (2): 2.0 MB | 258 kB
Progress (2): 2.0 MB | 258 kB
Progress (2): 2.0 MB | 258 kB
Progress (2): 2.0 MB | 258 kB
Progress (2): 2.0 MB | 258 kB
Progress (2): 2.0 MB | 258 kB
Progress (2): 2.0 MB | 258 kB
Progress (2): 2.0 MB | 258 kB
Progress (2): 2.0 MB | 258 kB
Progress (2): 2.0 MB | 258 kB
Progress (2): 2.0 MB | 258 kB
Progress (2): 2.0 MB | 258 kB
Progress (2): 2.0 MB | 258 kB
Progress (2): 2.0 MB | 258 kB
Progress (2): 2.0 MB | 258 kB
Progress (2): 2.0 MB | 258 kB
Progress (2): 2.0 MB | 258 kB
Progress (2): 2.0 MB | 258 kB
Progress (2): 2.0 MB | 258 kB
Progress (2): 2.0 MB | 258 kB
Progress (2): 2.1 MB | 258 kB
Progress (2): 2.1 MB | 258 kB
Progress (2): 2.1 MB | 258 kB
Progress (2): 2.1 MB | 258 kB
Progress (2): 2.1 MB | 260 kB
Progress (2): 2.1 MB | 263 kB
Progress (2): 2.1 MB | 267 kB
Progress (2): 2.1 MB | 270 kB
Progress (2): 2.1 MB | 273 kB
Progress (2): 2.1 MB | 276 kB
Progress (2): 2.1 MB | 279 kB
Progress (2): 2.1 MB | 282 kB
Progress (2): 2.1 MB | 286 kB
Progress (2): 2.1 MB | 290 kB
Progress (2): 2.1 MB | 293 kB
Progress (2): 2.1 MB | 296 kB
Progress (2): 2.1 MB | 299 kB
Progress (2): 2.1 MB | 299 kB
Progress (2): 2.1 MB | 302 kB
Progress (2): 2.1 MB | 302 kB
Progress (2): 2.1 MB | 302 kB
Progress (2): 2.1 MB | 302 kB
Progress (2): 2.1 MB | 302 kB
Progress (2): 2.1 MB | 302 kB
Progress (2): 2.1 MB | 302 kB
Progress (2): 2.1 MB | 302 kB
Progress (2): 2.1 MB | 302 kB
Progress (2): 2.1 MB | 302 kB
Progress (2): 2.1 MB | 302 kB
Progress (2): 2.1 MB | 302 kB
Progress (2): 2.1 MB | 302 kB
Progress (2): 2.1 MB | 302 kB
Progress (2): 2.1 MB | 302 kB
Progress (2): 2.1 MB | 302 kB
Progress (2): 2.1 MB | 302 kB
Progress (2): 2.1 MB | 302 kB
Progress (2): 2.1 MB | 302 kB
Progress (2): 2.1 MB | 302 kB
Progress (2): 2.1 MB | 302 kB
Progress (2): 2.2 MB | 302 kB
Progress (2): 2.2 MB | 302 kB
Progress (2): 2.2 MB | 302 kB
Progress (2): 2.2 MB | 302 kB
Progress (2): 2.2 MB | 302 kB
Progress (2): 2.2 MB | 302 kB
Progress (2): 2.2 MB | 302 kB
Progress (2): 2.2 MB | 302 kB
Progress (2): 2.2 MB | 302 kB
Progress (2): 2.2 MB | 302 kB
Progress (2): 2.2 MB | 302 kB
Progress (2): 2.2 MB | 302 kB
Progress (2): 2.2 MB | 302 kB
Progress (2): 2.2 MB | 302 kB
Progress (2): 2.2 MB | 302 kB
Progress (2): 2.2 MB | 302 kB
Progress (2): 2.2 MB | 302 kB
Progress (2): 2.2 MB | 302 kB
Progress (2): 2.2 MB | 302 kB
Progress (2): 2.2 MB | 302 kB
Progress (2): 2.2 MB | 302 kB
Progress (2): 2.2 MB | 302 kB
Progress (2): 2.2 MB | 302 kB
Progress (2): 2.2 MB | 302 kB
Progress (2): 2.2 MB | 302 kB
Progress (2): 2.2 MB | 302 kB
Progress (2): 2.3 MB | 302 kB
Progress (2): 2.3 MB | 302 kB
Progress (2): 2.3 MB | 302 kB
Progress (2): 2.3 MB | 302 kB
Progress (2): 2.3 MB | 302 kB
Progress (2): 2.3 MB | 302 kB
Progress (2): 2.3 MB | 302 kB
Progress (2): 2.3 MB | 302 kB
Progress (2): 2.3 MB | 302 kB
Progress (2): 2.3 MB | 302 kB
Progress (2): 2.3 MB | 302 kB
Progress (2): 2.3 MB | 302 kB
Progress (2): 2.3 MB | 302 kB
Progress (2): 2.3 MB | 302 kB
Progress (2): 2.3 MB | 302 kB
Progress (2): 2.3 MB | 302 kB
Progress (2): 2.3 MB | 302 kB
Progress (2): 2.3 MB | 302 kB
Progress (2): 2.3 MB | 302 kB
Progress (2): 2.3 MB | 302 kB
Progress (2): 2.3 MB | 302 kB
Progress (2): 2.3 MB | 302 kB
Progress (2): 2.3 MB | 302 kB
Progress (2): 2.3 MB | 302 kB
Progress (2): 2.4 MB | 302 kB
Progress (2): 2.4 MB | 302 kB
Progress (2): 2.4 MB | 302 kB
Progress (2): 2.4 MB | 302 kB
Progress (2): 2.4 MB | 302 kB
Progress (2): 2.4 MB | 302 kB
Progress (2): 2.4 MB | 302 kB
Progress (2): 2.4 MB | 302 kB
Progress (2): 2.4 MB | 302 kB
Progress (2): 2.4 MB | 302 kB
Progress (2): 2.4 MB | 302 kB
Progress (2): 2.4 MB | 302 kB
Progress (2): 2.4 MB | 302 kB
Progress (2): 2.4 MB | 302 kB
Progress (2): 2.4 MB | 302 kB
Progress (2): 2.4 MB | 302 kB
Progress (2): 2.4 MB | 302 kB
Progress (2): 2.4 MB | 302 kB
Progress (2): 2.4 MB | 302 kB
Progress (2): 2.4 MB | 302 kB
Progress (2): 2.4 MB | 302 kB
Progress (2): 2.4 MB | 302 kB
Progress (2): 2.4 MB | 302 kB
Progress (2): 2.4 MB | 302 kB
Progress (2): 2.4 MB | 302 kB
Progress (2): 2.5 MB | 302 kB
Progress (2): 2.5 MB | 302 kB
Progress (2): 2.5 MB | 302 kB
Progress (2): 2.5 MB | 302 kB
Progress (2): 2.5 MB | 302 kB
Progress (2): 2.5 MB | 302 kB
Progress (2): 2.5 MB | 302 kB
Progress (2): 2.5 MB | 302 kB
Progress (2): 2.5 MB | 302 kB
Progress (3): 2.5 MB | 302 kB | 4.0 kB
Progress (3): 2.5 MB | 302 kB | 8.1 kB
Progress (3): 2.5 MB | 302 kB | 11 kB 
Progress (3): 2.5 MB | 302 kB | 14 kB
Progress (3): 2.5 MB | 302 kB | 14 kB
Progress (3): 2.5 MB | 302 kB | 18 kB
Progress (3): 2.5 MB | 302 kB | 18 kB
Progress (3): 2.5 MB | 302 kB | 18 kB
Progress (3): 2.5 MB | 302 kB | 18 kB
Progress (3): 2.5 MB | 302 kB | 18 kB
Progress (4): 2.5 MB | 302 kB | 18 kB | 2.6 kB
Progress (4): 2.5 MB | 302 kB | 18 kB | 6.7 kB
Progress (4): 2.5 MB | 302 kB | 18 kB | 11 kB 
Progress (4): 2.5 MB | 302 kB | 18 kB | 11 kB
Progress (4): 2.5 MB | 302 kB | 18 kB | 15 kB
Progress (4): 2.5 MB | 302 kB | 18 kB | 15 kB
Progress (4): 2.5 MB | 302 kB | 18 kB | 15 kB
Progress (4): 2.5 MB | 302 kB | 18 kB | 15 kB
Progress (4): 2.5 MB | 302 kB | 18 kB | 15 kB
Progress (4): 2.5 MB | 302 kB | 18 kB | 19 kB
Progress (4): 2.5 MB | 302 kB | 18 kB | 19 kB
Progress (4): 2.5 MB | 302 kB | 18 kB | 23 kB
Progress (4): 2.5 MB | 302 kB | 18 kB | 23 kB
Progress (4): 2.5 MB | 302 kB | 18 kB | 27 kB
Progress (4): 2.5 MB | 302 kB | 18 kB | 27 kB
Progress (4): 2.5 MB | 302 kB | 18 kB | 31 kB
Progress (4): 2.5 MB | 302 kB | 18 kB | 34 kB
Progress (4): 2.5 MB | 302 kB | 18 kB | 38 kB
Progress (4): 2.5 MB | 302 kB | 18 kB | 38 kB
Progress (4): 2.5 MB | 302 kB | 18 kB | 38 kB
Progress (4): 2.5 MB | 302 kB | 18 kB | 42 kB
Progress (4): 2.5 MB | 302 kB | 18 kB | 46 kB
Progress (4): 2.5 MB | 302 kB | 18 kB | 49 kB
Progress (4): 2.5 MB | 302 kB | 18 kB | 53 kB
Progress (4): 2.5 MB | 302 kB | 18 kB | 57 kB
Progress (4): 2.5 MB | 302 kB | 18 kB | 61 kB
Progress (4): 2.5 MB | 302 kB | 18 kB | 64 kB
Progress (4): 2.5 MB | 302 kB | 18 kB | 67 kB
Progress (4): 2.5 MB | 302 kB | 18 kB | 67 kB
Progress (4): 2.5 MB | 302 kB | 18 kB | 71 kB
Progress (4): 2.5 MB | 302 kB | 18 kB | 75 kB
Progress (4): 2.5 MB | 302 kB | 18 kB | 79 kB
Progress (4): 2.5 MB | 302 kB | 18 kB | 84 kB
Progress (4): 2.6 MB | 302 kB | 18 kB | 84 kB
Progress (4): 2.6 MB | 302 kB | 18 kB | 87 kB
Progress (4): 2.6 MB | 302 kB | 18 kB | 87 kB
Progress (4): 2.6 MB | 302 kB | 18 kB | 87 kB
Progress (4): 2.6 MB | 302 kB | 18 kB | 91 kB
Progress (4): 2.6 MB | 302 kB | 18 kB | 95 kB
Progress (4): 2.6 MB | 302 kB | 18 kB | 99 kB
Progress (4): 2.6 MB | 302 kB | 18 kB | 102 kB
Progress (4): 2.6 MB | 302 kB | 18 kB | 106 kB
Progress (4): 2.6 MB | 302 kB | 18 kB | 110 kB
Progress (4): 2.6 MB | 302 kB | 18 kB | 113 kB
Progress (4): 2.6 MB | 302 kB | 18 kB | 118 kB
Progress (4): 2.6 MB | 302 kB | 18 kB | 122 kB
Progress (4): 2.6 MB | 302 kB | 18 kB | 126 kB
Progress (4): 2.6 MB | 302 kB | 18 kB | 130 kB
Progress (4): 2.6 MB | 302 kB | 18 kB | 134 kB
Progress (4): 2.6 MB | 302 kB | 18 kB | 138 kB
Progress (4): 2.6 MB | 302 kB | 18 kB | 142 kB
Progress (4): 2.6 MB | 302 kB | 18 kB | 146 kB
Progress (4): 2.6 MB | 302 kB | 18 kB | 150 kB
Progress (4): 2.6 MB | 302 kB | 18 kB | 153 kB
Progress (4): 2.6 MB | 302 kB | 18 kB | 156 kB
Progress (4): 2.6 MB | 302 kB | 18 kB | 159 kB
Progress (4): 2.6 MB | 302 kB | 18 kB | 163 kB
Progress (4): 2.6 MB | 302 kB | 18 kB | 167 kB
Progress (4): 2.6 MB | 302 kB | 18 kB | 171 kB
Progress (4): 2.6 MB | 302 kB | 18 kB | 175 kB
Progress (4): 2.6 MB | 302 kB | 18 kB | 179 kB
Progress (4): 2.6 MB | 302 kB | 18 kB | 183 kB
Progress (4): 2.6 MB | 302 kB | 18 kB | 187 kB
Progress (4): 2.6 MB | 302 kB | 18 kB | 190 kB
Progress (4): 2.6 MB | 302 kB | 18 kB | 193 kB
Progress (4): 2.6 MB | 302 kB | 18 kB | 196 kB
Progress (4): 2.6 MB | 302 kB | 18 kB | 198 kB
Progress (4): 2.6 MB | 302 kB | 18 kB | 202 kB
Progress (4): 2.6 MB | 302 kB | 18 kB | 207 kB
Progress (4): 2.6 MB | 302 kB | 18 kB | 211 kB
Progress (4): 2.6 MB | 302 kB | 18 kB | 215 kB
Progress (4): 2.6 MB | 302 kB | 18 kB | 217 kB
Progress (4): 2.6 MB | 302 kB | 18 kB | 221 kB
Progress (4): 2.6 MB | 302 kB | 18 kB | 224 kB
Progress (4): 2.6 MB | 302 kB | 18 kB | 228 kB
Progress (4): 2.6 MB | 302 kB | 18 kB | 231 kB
Progress (4): 2.6 MB | 302 kB | 18 kB | 235 kB
Progress (4): 2.6 MB | 302 kB | 18 kB | 239 kB
Progress (4): 2.6 MB | 302 kB | 18 kB | 243 kB
Progress (4): 2.6 MB | 302 kB | 18 kB | 247 kB
Progress (4): 2.6 MB | 302 kB | 18 kB | 251 kB
Progress (4): 2.6 MB | 302 kB | 18 kB | 254 kB
Progress (4): 2.6 MB | 302 kB | 18 kB | 258 kB
Progress (4): 2.6 MB | 302 kB | 18 kB | 261 kB
Progress (4): 2.6 MB | 302 kB | 18 kB | 264 kB
Progress (4): 2.6 MB | 302 kB | 18 kB | 266 kB
Progress (4): 2.6 MB | 302 kB | 18 kB | 269 kB
Progress (4): 2.6 MB | 302 kB | 18 kB | 273 kB
Progress (4): 2.6 MB | 302 kB | 18 kB | 273 kB
Progress (4): 2.6 MB | 302 kB | 18 kB | 277 kB
Progress (4): 2.6 MB | 302 kB | 18 kB | 277 kB
Progress (4): 2.6 MB | 302 kB | 18 kB | 277 kB
Progress (4): 2.6 MB | 302 kB | 18 kB | 277 kB
Progress (4): 2.6 MB | 302 kB | 18 kB | 277 kB
Progress (4): 2.6 MB | 302 kB | 18 kB | 277 kB
Progress (4): 2.6 MB | 302 kB | 18 kB | 277 kB
Progress (4): 2.6 MB | 302 kB | 18 kB | 282 kB
Progress (4): 2.6 MB | 302 kB | 18 kB | 282 kB
Progress (4): 2.6 MB | 302 kB | 18 kB | 282 kB
Progress (4): 2.6 MB | 302 kB | 18 kB | 282 kB
Progress (4): 2.6 MB | 302 kB | 18 kB | 282 kB
Progress (4): 2.6 MB | 302 kB | 18 kB | 284 kB
Progress (4): 2.6 MB | 302 kB | 18 kB | 284 kB
Progress (4): 2.6 MB | 302 kB | 18 kB | 289 kB
Progress (4): 2.6 MB | 302 kB | 18 kB | 289 kB
Progress (4): 2.6 MB | 302 kB | 18 kB | 289 kB
Progress (4): 2.6 MB | 302 kB | 18 kB | 289 kB
Progress (4): 2.6 MB | 302 kB | 18 kB | 289 kB
Progress (4): 2.6 MB | 302 kB | 18 kB | 289 kB
Progress (4): 2.6 MB | 302 kB | 18 kB | 289 kB
Progress (4): 2.6 MB | 302 kB | 18 kB | 289 kB
Progress (4): 2.6 MB | 302 kB | 18 kB | 289 kB
Progress (4): 2.6 MB | 302 kB | 18 kB | 289 kB
Progress (4): 2.6 MB | 302 kB | 18 kB | 289 kB
Progress (4): 2.7 MB | 302 kB | 18 kB | 289 kB
Progress (4): 2.7 MB | 302 kB | 18 kB | 289 kB
Progress (4): 2.7 MB | 302 kB | 18 kB | 289 kB
Progress (4): 2.7 MB | 302 kB | 18 kB | 289 kB
Progress (4): 2.7 MB | 302 kB | 18 kB | 289 kB
Progress (4): 2.7 MB | 302 kB | 18 kB | 289 kB
Progress (4): 2.7 MB | 302 kB | 18 kB | 289 kB
Progress (4): 2.7 MB | 302 kB | 18 kB | 289 kB
Progress (4): 2.7 MB | 302 kB | 18 kB | 289 kB
Progress (4): 2.7 MB | 302 kB | 18 kB | 289 kB
Progress (4): 2.7 MB | 302 kB | 18 kB | 289 kB
Progress (4): 2.7 MB | 302 kB | 18 kB | 289 kB
Progress (4): 2.7 MB | 302 kB | 18 kB | 289 kB
Progress (4): 2.7 MB | 302 kB | 18 kB | 289 kB
Progress (4): 2.7 MB | 302 kB | 18 kB | 289 kB
Progress (4): 2.7 MB | 302 kB | 18 kB | 289 kB
Progress (4): 2.7 MB | 302 kB | 18 kB | 289 kB
Progress (4): 2.7 MB | 302 kB | 18 kB | 289 kB
Progress (4): 2.7 MB | 302 kB | 18 kB | 289 kB
Progress (4): 2.7 MB | 302 kB | 18 kB | 289 kB
Progress (4): 2.7 MB | 302 kB | 18 kB | 289 kB
Progress (4): 2.7 MB | 302 kB | 18 kB | 289 kB
Progress (4): 2.7 MB | 302 kB | 18 kB | 289 kB
Progress (4): 2.7 MB | 302 kB | 18 kB | 289 kB
Progress (4): 2.8 MB | 302 kB | 18 kB | 289 kB
Progress (4): 2.8 MB | 302 kB | 18 kB | 289 kB
Progress (4): 2.8 MB | 302 kB | 18 kB | 289 kB
Progress (4): 2.8 MB | 302 kB | 18 kB | 289 kB
Progress (4): 2.8 MB | 302 kB | 18 kB | 289 kB
Progress (4): 2.8 MB | 302 kB | 18 kB | 289 kB
Progress (4): 2.8 MB | 302 kB | 18 kB | 289 kB
Progress (4): 2.8 MB | 302 kB | 18 kB | 289 kB
Progress (4): 2.8 MB | 302 kB | 18 kB | 289 kB
Progress (4): 2.8 MB | 302 kB | 18 kB | 289 kB
Progress (4): 2.8 MB | 302 kB | 18 kB | 289 kB
Progress (4): 2.8 MB | 302 kB | 18 kB | 289 kB
Progress (4): 2.8 MB | 302 kB | 18 kB | 289 kB
Progress (4): 2.8 MB | 302 kB | 18 kB | 289 kB
Progress (4): 2.8 MB | 302 kB | 18 kB | 289 kB
Progress (4): 2.8 MB | 302 kB | 18 kB | 289 kB
Progress (4): 2.8 MB | 302 kB | 18 kB | 289 kB
Progress (4): 2.8 MB | 302 kB | 18 kB | 289 kB
Progress (4): 2.8 MB | 302 kB | 18 kB | 289 kB
Progress (4): 2.8 MB | 302 kB | 18 kB | 289 kB
Progress (4): 2.8 MB | 302 kB | 18 kB | 289 kB
Progress (4): 2.8 MB | 302 kB | 18 kB | 289 kB
Progress (4): 2.8 MB | 302 kB | 18 kB | 289 kB
Progress (4): 2.8 MB | 302 kB | 18 kB | 289 kB
Progress (4): 2.8 MB | 302 kB | 18 kB | 289 kB
Progress (4): 2.9 MB | 302 kB | 18 kB | 289 kB
Progress (4): 2.9 MB | 302 kB | 18 kB | 289 kB
Progress (4): 2.9 MB | 302 kB | 18 kB | 289 kB
Progress (4): 2.9 MB | 302 kB | 18 kB | 289 kB
Progress (4): 2.9 MB | 302 kB | 18 kB | 289 kB
Progress (4): 2.9 MB | 302 kB | 18 kB | 289 kB
Progress (4): 2.9 MB | 302 kB | 18 kB | 289 kB
Progress (4): 2.9 MB | 302 kB | 18 kB | 289 kB
Progress (4): 2.9 MB | 302 kB | 18 kB | 289 kB
Progress (4): 2.9 MB | 302 kB | 18 kB | 289 kB
Progress (4): 2.9 MB | 302 kB | 18 kB | 289 kB
Progress (4): 2.9 MB | 302 kB | 18 kB | 289 kB
Progress (4): 2.9 MB | 302 kB | 18 kB | 292 kB
Progress (4): 2.9 MB | 302 kB | 18 kB | 292 kB
Progress (4): 2.9 MB | 302 kB | 18 kB | 292 kB
Progress (4): 2.9 MB | 302 kB | 18 kB | 292 kB
Progress (4): 2.9 MB | 302 kB | 18 kB | 292 kB
Progress (4): 2.9 MB | 302 kB | 18 kB | 292 kB
Progress (4): 2.9 MB | 302 kB | 18 kB | 292 kB
Progress (4): 2.9 MB | 302 kB | 22 kB | 292 kB
Progress (4): 2.9 MB | 302 kB | 22 kB | 296 kB
Progress (4): 2.9 MB | 302 kB | 26 kB | 296 kB
Progress (4): 2.9 MB | 302 kB | 26 kB | 299 kB
Progress (4): 2.9 MB | 302 kB | 26 kB | 302 kB
Progress (4): 2.9 MB | 302 kB | 30 kB | 302 kB
Progress (4): 2.9 MB | 302 kB | 34 kB | 302 kB
Progress (4): 2.9 MB | 302 kB | 38 kB | 302 kB
Progress (4): 2.9 MB | 302 kB | 42 kB | 302 kB
Progress (4): 2.9 MB | 302 kB | 42 kB | 302 kB
Progress (4): 2.9 MB | 302 kB | 45 kB | 302 kB
Progress (4): 2.9 MB | 302 kB | 45 kB | 302 kB
Progress (4): 2.9 MB | 302 kB | 45 kB | 302 kB
Progress (4): 2.9 MB | 302 kB | 45 kB | 302 kB
Progress (4): 2.9 MB | 302 kB | 45 kB | 302 kB
Progress (4): 2.9 MB | 302 kB | 45 kB | 304 kB
Progress (4): 2.9 MB | 302 kB | 45 kB | 307 kB
Progress (4): 2.9 MB | 302 kB | 45 kB | 310 kB
Progress (4): 2.9 MB | 302 kB | 45 kB | 313 kB
Progress (4): 2.9 MB | 302 kB | 45 kB | 317 kB
Progress (4): 2.9 MB | 302 kB | 45 kB | 319 kB
Progress (4): 2.9 MB | 302 kB | 45 kB | 322 kB
Progress (4): 2.9 MB | 302 kB | 45 kB | 325 kB
Progress (4): 2.9 MB | 302 kB | 45 kB | 328 kB
Progress (4): 2.9 MB | 302 kB | 45 kB | 332 kB
Progress (4): 2.9 MB | 302 kB | 45 kB | 336 kB
Progress (4): 2.9 MB | 302 kB | 45 kB | 340 kB
Progress (4): 2.9 MB | 302 kB | 45 kB | 340 kB
Progress (4): 3.0 MB | 302 kB | 45 kB | 340 kB
Progress (4): 3.0 MB | 302 kB | 45 kB | 340 kB
Progress (4): 3.0 MB | 302 kB | 45 kB | 340 kB
Progress (4): 3.0 MB | 302 kB | 45 kB | 340 kB
Progress (4): 3.0 MB | 302 kB | 45 kB | 340 kB
Progress (4): 3.0 MB | 302 kB | 45 kB | 340 kB
Progress (4): 3.0 MB | 302 kB | 45 kB | 344 kB
Progress (4): 3.0 MB | 302 kB | 45 kB | 344 kB
Progress (4): 3.0 MB | 302 kB | 45 kB | 348 kB
Progress (4): 3.0 MB | 302 kB | 45 kB | 351 kB
Progress (4): 3.0 MB | 302 kB | 45 kB | 355 kB
Progress (4): 3.0 MB | 302 kB | 45 kB | 359 kB
Progress (4): 3.0 MB | 302 kB | 45 kB | 362 kB
Progress (4): 3.0 MB | 302 kB | 45 kB | 366 kB
Progress (4): 3.0 MB | 302 kB | 45 kB | 366 kB
Progress (4): 3.0 MB | 302 kB | 45 kB | 370 kB
Progress (4): 3.0 MB | 302 kB | 45 kB | 370 kB
Progress (4): 3.0 MB | 302 kB | 45 kB | 373 kB
Progress (4): 3.0 MB | 302 kB | 45 kB | 377 kB
Progress (4): 3.0 MB | 302 kB | 45 kB | 381 kB
Progress (4): 3.0 MB | 302 kB | 45 kB | 385 kB
Progress (4): 3.0 MB | 302 kB | 45 kB | 389 kB
Progress (4): 3.0 MB | 302 kB | 45 kB | 393 kB
Progress (4): 3.0 MB | 302 kB | 45 kB | 396 kB
Progress (4): 3.0 MB | 302 kB | 45 kB | 400 kB
Progress (4): 3.0 MB | 302 kB | 45 kB | 404 kB
Progress (4): 3.0 MB | 302 kB | 45 kB | 406 kB
Progress (4): 3.0 MB | 302 kB | 45 kB | 409 kB
Progress (4): 3.0 MB | 302 kB | 45 kB | 412 kB
Progress (4): 3.0 MB | 302 kB | 45 kB | 415 kB
Progress (4): 3.0 MB | 302 kB | 45 kB | 418 kB
Progress (4): 3.0 MB | 302 kB | 45 kB | 421 kB
Progress (4): 3.0 MB | 302 kB | 45 kB | 425 kB
Progress (4): 3.0 MB | 302 kB | 45 kB | 429 kB
Progress (4): 3.0 MB | 302 kB | 45 kB | 433 kB
Progress (4): 3.0 MB | 302 kB | 45 kB | 437 kB
Progress (4): 3.0 MB | 302 kB | 45 kB | 441 kB
Progress (4): 3.0 MB | 302 kB | 45 kB | 445 kB
Progress (4): 3.0 MB | 302 kB | 45 kB | 449 kB
Progress (4): 3.0 MB | 302 kB | 45 kB | 452 kB
Progress (4): 3.0 MB | 302 kB | 45 kB | 454 kB
Progress (4): 3.0 MB | 302 kB | 45 kB | 457 kB
Progress (4): 3.0 MB | 302 kB | 45 kB | 460 kB
Progress (4): 3.0 MB | 302 kB | 45 kB | 464 kB
Progress (4): 3.0 MB | 302 kB | 45 kB | 468 kB
Progress (4): 3.0 MB | 302 kB | 45 kB | 472 kB
Progress (4): 3.0 MB | 302 kB | 45 kB | 476 kB
Progress (4): 3.0 MB | 302 kB | 45 kB | 480 kB
Progress (4): 3.0 MB | 302 kB | 45 kB | 481 kB
Progress (5): 3.0 MB | 302 kB | 45 kB | 481 kB | 3.9 kB
Progress (5): 3.0 MB | 302 kB | 45 kB | 481 kB | 6.7 kB
Progress (5): 3.0 MB | 302 kB | 45 kB | 481 kB | 9.6 kB
Progress (5): 3.0 MB | 302 kB | 45 kB | 481 kB | 12 kB 
Progress (5): 3.0 MB | 302 kB | 45 kB | 481 kB | 17 kB
Progress (5): 3.0 MB | 302 kB | 45 kB | 481 kB | 19 kB
Progress (5): 3.0 MB | 302 kB | 45 kB | 481 kB | 23 kB
Progress (5): 3.0 MB | 302 kB | 45 kB | 481 kB | 28 kB
Progress (5): 3.0 MB | 302 kB | 45 kB | 481 kB | 30 kB
Progress (5): 3.0 MB | 302 kB | 47 kB | 481 kB | 30 kB
Progress (5): 3.0 MB | 302 kB | 47 kB | 481 kB | 35 kB
Progress (5): 3.0 MB | 302 kB | 50 kB | 481 kB | 35 kB
Progress (5): 3.0 MB | 302 kB | 50 kB | 481 kB | 37 kB
Progress (5): 3.0 MB | 302 kB | 54 kB | 481 kB | 37 kB
Progress (5): 3.0 MB | 302 kB | 57 kB | 481 kB | 37 kB
                                                      
Downloaded from aiban-tianyin-core: https://aiban-maven.pkg.coding.net/repository/tianyin/core/io/netty/netty-buffer/4.1.70.Final/netty-buffer-4.1.70.Final.jar (302 kB at 218 kB/s)
Progress (4): 3.0 MB | 60 kB | 481 kB | 37 kB
                                             
Downloading from aiban-tianyin-core: https://aiban-maven.pkg.coding.net/repository/tianyin/core/io/netty/netty-transport-native-epoll/4.1.70.Final/netty-transport-native-epoll-4.1.70.Final.jar
Progress (4): 3.0 MB | 64 kB | 481 kB | 37 kB
Progress (4): 3.0 MB | 68 kB | 481 kB | 37 kB
Progress (4): 3.0 MB | 72 kB | 481 kB | 37 kB
Progress (4): 3.0 MB | 77 kB | 481 kB | 37 kB
Progress (4): 3.0 MB | 81 kB | 481 kB | 37 kB
Progress (4): 3.0 MB | 85 kB | 481 kB | 37 kB
Progress (4): 3.0 MB | 89 kB | 481 kB | 37 kB
Progress (4): 3.0 MB | 93 kB | 481 kB | 37 kB
Progress (4): 3.0 MB | 97 kB | 481 kB | 37 kB
Progress (4): 3.0 MB | 101 kB | 481 kB | 37 kB
Progress (4): 3.0 MB | 105 kB | 481 kB | 37 kB
Progress (4): 3.0 MB | 109 kB | 481 kB | 37 kB
Progress (4): 3.0 MB | 113 kB | 481 kB | 37 kB
Progress (4): 3.0 MB | 118 kB | 481 kB | 37 kB
Progress (4): 3.0 MB | 122 kB | 481 kB | 37 kB
Progress (4): 3.0 MB | 126 kB | 481 kB | 37 kB
Progress (4): 3.0 MB | 130 kB | 481 kB | 37 kB
Progress (4): 3.0 MB | 134 kB | 481 kB | 37 kB
Progress (4): 3.0 MB | 138 kB | 481 kB | 37 kB
Progress (4): 3.0 MB | 142 kB | 481 kB | 37 kB
Progress (4): 3.0 MB | 146 kB | 481 kB | 37 kB
Progress (4): 3.0 MB | 150 kB | 481 kB | 37 kB
Progress (4): 3.0 MB | 154 kB | 481 kB | 37 kB
Progress (4): 3.0 MB | 158 kB | 481 kB | 37 kB
Progress (4): 3.0 MB | 163 kB | 481 kB | 37 kB
Progress (4): 3.0 MB | 167 kB | 481 kB | 37 kB
Progress (4): 3.0 MB | 171 kB | 481 kB | 37 kB
Progress (4): 3.0 MB | 175 kB | 481 kB | 37 kB
Progress (4): 3.0 MB | 179 kB | 481 kB | 37 kB
Progress (4): 3.0 MB | 183 kB | 481 kB | 37 kB
Progress (4): 3.0 MB | 187 kB | 481 kB | 37 kB
Progress (4): 3.0 MB | 191 kB | 481 kB | 37 kB
Progress (4): 3.0 MB | 195 kB | 481 kB | 37 kB
Progress (4): 3.0 MB | 199 kB | 481 kB | 37 kB
Progress (4): 3.0 MB | 204 kB | 481 kB | 37 kB
Progress (4): 3.0 MB | 208 kB | 481 kB | 37 kB
Progress (4): 3.0 MB | 212 kB | 481 kB | 37 kB
Progress (4): 3.0 MB | 216 kB | 481 kB | 37 kB
Progress (4): 3.0 MB | 220 kB | 481 kB | 37 kB
                                              
Downloaded from aiban-tianyin-core: https://aiban-maven.pkg.coding.net/repository/tianyin/core/io/netty/netty-transport/4.1.70.Final/netty-transport-4.1.70.Final.jar (481 kB at 320 kB/s)
Downloading from aiban-tianyin-core: https://aiban-maven.pkg.coding.net/repository/tianyin/core/io/netty/netty-transport-native-unix-common/4.1.70.Final/netty-transport-native-unix-common-4.1.70.Final.jar
Progress (3): 3.0 MB | 224 kB | 37 kB
Progress (3): 3.0 MB | 228 kB | 37 kB
Progress (3): 3.0 MB | 232 kB | 37 kB
Progress (3): 3.0 MB | 236 kB | 37 kB
Progress (3): 3.0 MB | 240 kB | 37 kB
                                     
Downloaded from aiban-tianyin-core: https://aiban-maven.pkg.coding.net/repository/tianyin/core/io/netty/netty-resolver/4.1.70.Final/netty-resolver-4.1.70.Final.jar (37 kB at 24 kB/s)
Downloading from aiban-tianyin-core: https://aiban-maven.pkg.coding.net/repository/tianyin/core/io/netty/netty-transport-classes-epoll/4.1.70.Final/netty-transport-classes-epoll-4.1.70.Final.jar
Progress (2): 3.0 MB | 244 kB
Progress (2): 3.0 MB | 249 kB
Progress (2): 3.0 MB | 253 kB
Progress (2): 3.0 MB | 257 kB
Progress (2): 3.0 MB | 261 kB
Progress (2): 3.0 MB | 265 kB
Progress (2): 3.0 MB | 269 kB
Progress (2): 3.0 MB | 273 kB
Progress (2): 3.0 MB | 277 kB
                             
Downloaded from aiban-tianyin-core: https://aiban-maven.pkg.coding.net/repository/tianyin/core/org/apache/curator/curator-client/5.2.1/curator-client-5.2.1.jar (3.0 MB at 1.9 MB/s)
Progress (1): 281 kB
Progress (1): 285 kB
Progress (1): 290 kB
Progress (1): 294 kB
Progress (1): 298 kB
Progress (1): 302 kB
Progress (1): 306 kB
Progress (1): 310 kB
Progress (1): 314 kB
Progress (1): 318 kB
Progress (1): 322 kB
Progress (1): 326 kB
Progress (1): 330 kB
Progress (1): 335 kB
Progress (1): 337 kB
Progress (2): 337 kB | 4.0 kB
Progress (2): 337 kB | 5.5 kB
Progress (3): 337 kB | 5.5 kB | 4.1 kB
Progress (3): 337 kB | 5.5 kB | 8.2 kB
Progress (3): 337 kB | 5.5 kB | 12 kB 
Progress (3): 337 kB | 5.5 kB | 15 kB
Progress (3): 337 kB | 5.5 kB | 19 kB
Progress (3): 337 kB | 5.5 kB | 23 kB
Progress (3): 337 kB | 5.5 kB | 27 kB
Progress (3): 337 kB | 5.5 kB | 31 kB
Progress (3): 337 kB | 5.5 kB | 35 kB
Progress (3): 337 kB | 5.5 kB | 38 kB
Progress (3): 337 kB | 5.5 kB | 40 kB
Progress (4): 337 kB | 5.5 kB | 40 kB | 4.0 kB
Progress (4): 337 kB | 5.5 kB | 40 kB | 6.9 kB
Progress (4): 337 kB | 5.5 kB | 40 kB | 9.7 kB
Progress (4): 337 kB | 5.5 kB | 40 kB | 13 kB 
Progress (4): 337 kB | 5.5 kB | 40 kB | 15 kB
Progress (4): 337 kB | 5.5 kB | 40 kB | 18 kB
Progress (4): 337 kB | 5.5 kB | 40 kB | 22 kB
Progress (4): 337 kB | 5.5 kB | 40 kB | 25 kB
Progress (4): 337 kB | 5.5 kB | 40 kB | 28 kB
Progress (4): 337 kB | 5.5 kB | 40 kB | 32 kB
Progress (4): 337 kB | 5.5 kB | 40 kB | 35 kB
Progress (4): 337 kB | 5.5 kB | 40 kB | 38 kB
Progress (4): 337 kB | 5.5 kB | 40 kB | 42 kB
Progress (4): 337 kB | 5.5 kB | 40 kB | 46 kB
Progress (4): 337 kB | 5.5 kB | 40 kB | 50 kB
Progress (4): 337 kB | 5.5 kB | 40 kB | 54 kB
Progress (4): 337 kB | 5.5 kB | 40 kB | 58 kB
Progress (4): 337 kB | 5.5 kB | 40 kB | 62 kB
Progress (4): 337 kB | 5.5 kB | 40 kB | 66 kB
Progress (4): 337 kB | 5.5 kB | 40 kB | 69 kB
Progress (4): 337 kB | 5.5 kB | 40 kB | 71 kB
Progress (4): 337 kB | 5.5 kB | 40 kB | 74 kB
Progress (4): 337 kB | 5.5 kB | 40 kB | 77 kB
Progress (4): 337 kB | 5.5 kB | 40 kB | 81 kB
Progress (4): 337 kB | 5.5 kB | 40 kB | 85 kB
Progress (4): 337 kB | 5.5 kB | 40 kB | 89 kB
Progress (4): 337 kB | 5.5 kB | 40 kB | 93 kB
Progress (4): 337 kB | 5.5 kB | 40 kB | 95 kB
Progress (4): 337 kB | 5.5 kB | 40 kB | 99 kB
Progress (4): 337 kB | 5.5 kB | 40 kB | 102 kB
Progress (4): 337 kB | 5.5 kB | 40 kB | 106 kB
Progress (4): 337 kB | 5.5 kB | 40 kB | 110 kB
Progress (4): 337 kB | 5.5 kB | 40 kB | 114 kB
Progress (4): 337 kB | 5.5 kB | 40 kB | 118 kB
Progress (4): 337 kB | 5.5 kB | 40 kB | 121 kB
Progress (4): 337 kB | 5.5 kB | 40 kB | 125 kB
Progress (4): 337 kB | 5.5 kB | 40 kB | 129 kB
Progress (4): 337 kB | 5.5 kB | 40 kB | 132 kB
Progress (4): 337 kB | 5.5 kB | 40 kB | 135 kB
Progress (4): 337 kB | 5.5 kB | 40 kB | 138 kB
Progress (4): 337 kB | 5.5 kB | 40 kB | 138 kB
                                              
Downloaded from aiban-tianyin-core: https://aiban-maven.pkg.coding.net/repository/tianyin/core/io/netty/netty-codec/4.1.70.Final/netty-codec-4.1.70.Final.jar (337 kB at 196 kB/s)
Downloaded from aiban-tianyin-core: https://aiban-maven.pkg.coding.net/repository/tianyin/core/io/netty/netty-transport-native-epoll/4.1.70.Final/netty-transport-native-epoll-4.1.70.Final.jar (5.5 kB at 3.1 kB/s)
Downloaded from aiban-tianyin-core: https://aiban-maven.pkg.coding.net/repository/tianyin/core/io/netty/netty-transport-native-unix-common/4.1.70.Final/netty-transport-native-unix-common-4.1.70.Final.jar (40 kB at 23 kB/s)
Downloaded from aiban-tianyin-core: https://aiban-maven.pkg.coding.net/repository/tianyin/core/io/netty/netty-transport-classes-epoll/4.1.70.Final/netty-transport-classes-epoll-4.1.70.Final.jar (138 kB at 76 kB/s)
[[1;34mINFO[m] 
[[1;34mINFO[m] [1m--- [0;32mmaven-clean-plugin:3.1.0:clean[m [1m(default-clean)[m @ [36mcurator-spring-boot-starter[0;1m ---[m
[[1;34mINFO[m] 
[[1;34mINFO[m] [1m--- [0;32mmaven-enforcer-plugin:3.0.0:enforce[m [1m(default-cli)[m @ [36mcurator-spring-boot-starter[0;1m ---[m
[[1;34mINFO[m] 
[[1;34mINFO[m] [1m--- [0;32mmaven-resources-plugin:3.1.0:resources[m [1m(default-resources)[m @ [36mcurator-spring-boot-starter[0;1m ---[m
[[1;34mINFO[m] Using 'UTF-8' encoding to copy filtered resources.
[[1;34mINFO[m] Copying 0 resource
[[1;34mINFO[m] Copying 2 resources
[[1;34mINFO[m] 
[[1;34mINFO[m] [1m--- [0;32mmaven-compiler-plugin:3.8.1:compile[m [1m(default-compile)[m @ [36mcurator-spring-boot-starter[0;1m ---[m
[[1;34mINFO[m] Changes detected - recompiling the module!
[[1;34mINFO[m] Compiling 5 source files to /Users/wandl/workspaces/workspace-ddd4j/workspace-ddd4j-boot-starters/curator-spring-boot-starter/target/classes
[[1;34mINFO[m] [1m------------------------------------------------------------------------[m
[[1;34mINFO[m] [1;31mBUILD FAILURE[m
[[1;34mINFO[m] [1m------------------------------------------------------------------------[m
[[1;34mINFO[m] Total time:  8.593 s
[[1;34mINFO[m] Finished at: 2026-03-16T13:46:29+08:00
[[1;34mINFO[m] [1m------------------------------------------------------------------------[m
[[1;31mERROR[m] Failed to execute goal [32morg.apache.maven.plugins:maven-compiler-plugin:3.8.1:compile[m [1m(default-compile)[m on project [36mcurator-spring-boot-starter[m: [1;31mFatal error compiling[m: java.lang.NoSuchFieldError: Class com.sun.tools.javac.tree.JCTree$JCImport does not have member field 'com.sun.tools.javac.tree.JCTree qualid' -> [1m[Help 1][m
[[1;31mERROR[m] 
[[1;31mERROR[m] To see the full stack trace of the errors, re-run Maven with the [1m-e[m switch.
[[1;31mERROR[m] Re-run Maven using the [1m-X[m switch to enable full debug logging.
[[1;31mERROR[m] 
[[1;31mERROR[m] For more information about the errors and possible solutions, please read the following articles:
[[1;31mERROR[m] [1m[Help 1][m http://cwiki.apache.org/confluence/display/MAVEN/MojoExecutionException
[curator-spring-boot-starter/master] 失败 - 查看日志
